order_id,customer_id,product_id,order_date,quantity,price,total_amount
1001,241,134,2023-10-25,4,474.95,1899.8
1002,93,138,2024-09-27,4,57.86,231.44
1003,417,132,2024-05-29,1,93.56,93.56
1004,179,127,2024-04-19,3,107.84,323.52
1005,344,107,2024-01-27,2,38.46,76.92
1006,211,145,2023-10-26,4,136.8,547.2
1007,340,126,2024-07-01,1,394.74,394.74
1008,46,121,2024-04-06,3,309.81,929.4300000000001
1009,60,150,2024-11-26,4,100.58,402.32
1010,423,101,2024-07-18,4,193.52,774.08
1011,28,113,2024-11-27,3,417.9,1253.6999999999998
1012,388,132,2023-03-02,4,93.56,374.24
1013,105,118,2023-12-04,2,267.13,534.26
1014,225,145,2023-05-19,4,136.8,547.2
1015,15,141,2024-01-02,2,69.8,139.6
1016,160,136,2024-06-24,1,406.11,406.11
1017,209,106,2023-11-07,2,86.44,172.88
1018,237,108,2024-12-12,2,434.43,868.86
1019,478,146,2024-07-24,3,334.64,1003.92
1020,362,118,2024-08-10,4,267.13,1068.52
1021,242,116,2024-08-29,4,99.87,399.48
1022,75,125,2024-11-09,2,233.47,466.94
1023,261,148,2024-11-13,2,264.83,529.66
1024,36,118,2024-02-01,4,267.13,1068.52
1025,479,133,2024-12-26,3,41.88,125.64000000000001
1026,2,119,2024-11-27,3,221.65,664.95
1027,444,110,2024-09-24,4,356.96,1427.84
1028,248,123,2024-08-13,3,153.15,459.45000000000005
1029,391,135,2024-08-02,4,483.16,1932.64
1030,478,121,2024-10-29,2,309.81,619.62
1031,123,137,2024-03-07,4,159.26,637.04
1032,439,150,2023-07-04,4,100.58,402.32
1033,163,148,2024-08-12,4,264.83,1059.32
1034,468,125,2024-12-07,4,233.47,933.88
1035,406,142,2024-11-18,2,252.64,505.28
1036,494,103,2024-07-18,2,368.68,737.36
1037,495,138,2023-07-28,3,57.86,173.57999999999998
1038,448,129,2024-08-13,1,300.28,300.28
1039,467,130,2024-12-21,1,32.76,32.76
1040,74,127,2023-11-18,2,107.84,215.68
1041,241,117,2024-10-13,3,159.08,477.24
1042,355,126,2024-04-25,1,394.74,394.74
1043,437,144,2024-03-11,4,455.57,1822.28
1044,321,146,2024-08-12,4,334.64,1338.56
1045,19,140,2024-01-18,1,225.67,225.67
1046,324,144,2024-02-11,3,455.57,1366.71
1047,383,106,2023-10-21,4,86.44,345.76
1048,390,141,2024-08-27,1,69.8,69.8
1049,86,145,2023-10-22,3,136.8,410.40000000000003
1050,24,121,2024-05-12,1,309.81,309.81
1051,184,124,2023-12-17,4,189.52,758.08
1052,126,134,2024-02-01,4,474.95,1899.8
1053,88,112,2024-06-30,1,485.26,485.26
1054,318,144,2024-12-29,2,455.57,911.14
1055,468,138,2023-09-22,2,57.86,115.72
1056,237,141,2024-11-02,3,69.8,209.39999999999998
1057,131,143,2024-11-03,1,26.85,26.85
1058,462,119,2023-10-08,2,221.65,443.3
1059,227,123,2024-08-29,3,153.15,459.45000000000005
1060,354,117,2024-12-24,4,159.08,636.32
1061,155,113,2024-12-23,4,417.9,1671.6
1062,248,107,2024-02-20,2,38.46,76.92
1063,293,123,2024-04-06,3,153.15,459.45000000000005
1064,12,143,2023-10-21,4,26.85,107.4
1065,5,137,2024-09-13,1,159.26,159.26
1066,427,119,2024-05-19,2,221.65,443.3
1067,113,141,2024-01-12,2,69.8,139.6
1068,348,149,2023-08-13,2,277.89,555.78
1069,463,141,2024-02-14,1,69.8,69.8
1070,404,129,2024-07-31,1,300.28,300.28
1071,187,147,2023-06-19,2,162.74,325.48
1072,466,119,2024-12-05,3,221.65,664.95
1073,213,112,2023-10-15,2,485.26,970.52
1074,403,135,2024-12-31,3,483.16,1449.48
1075,468,118,2023-10-18,2,267.13,534.26
1076,468,131,2024-01-09,3,307.7,923.0999999999999
1077,412,108,2023-07-15,4,434.43,1737.72
1078,73,149,2024-07-11,2,277.89,555.78
1079,496,136,2024-01-02,3,406.11,1218.33
1080,405,126,2024-03-15,1,394.74,394.74
1081,275,108,2024-05-21,4,434.43,1737.72
1082,345,148,2024-08-25,3,264.83,794.49
1083,196,141,2023-11-15,3,69.8,209.39999999999998
1084,346,115,2023-06-12,4,99.09,396.36
1085,318,136,2024-03-21,3,406.11,1218.33
1086,332,105,2024-12-01,4,86.45,345.8
1087,359,120,2023-05-14,4,152.7,610.8
1088,72,103,2024-05-26,1,368.68,368.68
1089,253,108,2023-12-19,1,434.43,434.43
1090,455,135,2024-07-25,2,483.16,966.32
1091,233,124,2024-10-28,4,189.52,758.08
1092,381,147,2024-07-01,2,162.74,325.48
1093,336,107,2024-12-21,4,38.46,153.84
1094,209,118,2024-07-27,1,267.13,267.13
1095,112,129,2023-10-16,4,300.28,1201.12
1096,438,124,2024-03-16,1,189.52,189.52
1097,279,142,2023-10-01,3,252.64,757.92
1098,204,118,2023-11-21,2,267.13,534.26
1099,486,130,2024-01-05,1,32.76,32.76
1100,329,141,2023-09-04,1,69.8,69.8
1101,403,122,2023-12-12,2,78.35,156.7
1102,403,137,2023-10-15,2,159.26,318.52
1103,425,149,2024-07-22,2,277.89,555.78
1104,111,115,2023-11-19,3,99.09,297.27
1105,404,139,2024-02-27,1,345.27,345.27
1106,440,110,2024-07-30,2,356.96,713.92
1107,129,112,2023-05-06,1,485.26,485.26
1108,68,101,2024-04-07,3,193.52,580.5600000000001
1109,302,121,2023-10-07,1,309.81,309.81
1110,136,104,2024-12-15,2,303.34,606.68
1111,216,134,2024-10-18,1,474.95,474.95
1112,33,131,2024-01-25,4,307.7,1230.8
1113,263,138,2024-05-22,1,57.86,57.86
1114,258,115,2024-06-07,1,99.09,99.09
1115,235,142,2023-11-01,1,252.64,252.64
1116,246,126,2024-08-10,4,394.74,1578.96
1117,56,132,2023-09-19,4,93.56,374.24
1118,461,106,2024-10-17,3,86.44,259.32
1119,76,105,2024-01-15,2,86.45,172.9
1120,320,141,2024-08-02,3,69.8,209.39999999999998
1121,306,134,2024-07-07,3,474.95,1424.85
1122,259,139,2023-08-19,4,345.27,1381.08
1123,407,145,2024-11-25,1,136.8,136.8
1124,334,150,2024-06-02,2,100.58,201.16
1125,232,115,2024-02-17,4,99.09,396.36
1126,424,130,2024-05-28,4,32.76,131.04
1127,374,107,2024-04-27,3,38.46,115.38
1128,161,143,2024-08-24,3,26.85,80.55000000000001
1129,489,110,2023-08-13,4,356.96,1427.84
1130,47,106,2024-04-09,1,86.44,86.44
1131,50,148,2023-05-14,3,264.83,794.49
1132,285,104,2024-12-02,3,303.34,910.02
1133,63,127,2024-11-10,3,107.84,323.52
1134,482,149,2024-12-12,4,277.89,1111.56
1135,469,147,2024-01-07,1,162.74,162.74
1136,308,120,2023-06-08,3,152.7,458.09999999999997
1137,296,133,2023-06-21,2,41.88,83.76
1138,337,131,2024-12-01,2,307.7,615.4
1139,56,123,2023-10-31,3,153.15,459.45000000000005
1140,391,118,2024-07-06,2,267.13,534.26
1141,433,136,2024-12-15,1,406.11,406.11
1142,476,143,2023-10-27,3,26.85,80.55000000000001
1143,93,118,2024-04-28,3,267.13,801.39
1144,180,101,2023-09-24,2,193.52,387.04
1145,290,143,2023-12-12,4,26.85,107.4
1146,73,148,2023-09-02,1,264.83,264.83
1147,383,134,2024-03-11,2,474.95,949.9
1148,215,130,2024-01-11,3,32.76,98.28
1149,190,120,2024-10-07,3,152.7,458.09999999999997
1150,306,106,2024-02-05,1,86.44,86.44
1151,81,149,2023-06-22,1,277.89,277.89
1152,140,129,2024-12-15,4,300.28,1201.12
1153,311,129,2024-05-04,4,300.28,1201.12
1154,111,149,2024-06-08,1,277.89,277.89
1155,221,108,2024-12-20,3,434.43,1303.29
1156,250,134,2023-08-29,3,474.95,1424.85
1157,113,126,2023-05-08,1,394.74,394.74
1158,105,120,2023-07-03,2,152.7,305.4
1159,392,117,2024-06-26,3,159.08,477.24
1160,62,101,2024-08-23,4,193.52,774.08
1161,90,109,2024-10-14,4,304.55,1218.2
1162,361,115,2023-08-28,3,99.09,297.27
1163,204,148,2024-10-07,1,264.83,264.83
1164,10,130,2024-03-12,1,32.76,32.76
1165,295,128,2024-10-21,4,261.97,1047.88
1166,328,127,2023-06-21,3,107.84,323.52
1167,208,102,2024-01-17,3,475.85,1427.5500000000002
1168,411,140,2024-05-13,4,225.67,902.68
1169,46,128,2024-01-15,1,261.97,261.97
1170,224,138,2024-05-31,4,57.86,231.44
1171,41,126,2024-10-04,3,394.74,1184.22
1172,174,115,2023-10-22,3,99.09,297.27
1173,40,133,2024-08-04,1,41.88,41.88
1174,262,113,2024-01-04,3,417.9,1253.6999999999998
1175,373,142,2023-09-04,2,252.64,505.28
1176,53,110,2024-03-28,3,356.96,1070.8799999999999
1177,89,139,2023-08-12,2,345.27,690.54
1178,91,150,2024-04-02,4,100.58,402.32
1179,387,137,2024-07-31,4,159.26,637.04
1180,474,137,2024-03-26,3,159.26,477.78
1181,78,129,2024-08-03,1,300.28,300.28
1182,227,141,2024-03-29,3,69.8,209.39999999999998
1183,303,104,2024-07-11,3,303.34,910.02
1184,38,120,2024-09-14,4,152.7,610.8
1185,20,104,2024-04-17,3,303.34,910.02
1186,40,142,2024-09-16,1,252.64,252.64
1187,305,133,2024-08-12,4,41.88,167.52
1188,298,136,2024-06-08,1,406.11,406.11
1189,466,137,2024-05-01,2,159.26,318.52
1190,310,131,2023-08-06,2,307.7,615.4
1191,231,107,2023-06-20,3,38.46,115.38
1192,259,142,2023-06-19,2,252.64,505.28
1193,127,146,2024-06-30,4,334.64,1338.56
1194,269,134,2024-06-03,2,474.95,949.9
1195,191,119,2024-05-11,4,221.65,886.6
1196,397,122,2024-12-02,1,78.35,78.35
1197,324,142,2023-08-30,3,252.64,757.92
1198,169,107,2024-04-16,4,38.46,153.84
1199,130,147,2024-06-10,2,162.74,325.48
1200,42,138,2024-02-22,2,57.86,115.72
1201,159,142,2024-01-15,4,252.64,1010.56
1202,305,146,2024-05-26,1,334.64,334.64
1203,287,125,2023-11-15,3,233.47,700.41
1204,344,145,2024-07-07,1,136.8,136.8
1205,344,128,2023-08-21,3,261.97,785.9100000000001
1206,186,120,2023-10-17,2,152.7,305.4
1207,175,150,2023-12-03,4,100.58,402.32
1208,116,109,2023-07-14,2,304.55,609.1
1209,152,107,2024-07-29,1,38.46,38.46
1210,173,150,2024-09-17,2,100.58,201.16
1211,193,110,2023-10-22,2,356.96,713.92
1212,426,145,2024-11-05,2,136.8,273.6
1213,225,103,2024-01-23,4,368.68,1474.72
1214,347,147,2024-09-11,2,162.74,325.48
1215,313,119,2023-10-28,4,221.65,886.6
1216,274,116,2024-05-05,3,99.87,299.61
1217,463,113,2024-08-21,3,417.9,1253.6999999999998
1218,485,137,2024-04-07,4,159.26,637.04
1219,394,119,2024-09-30,4,221.65,886.6
1220,271,127,2023-08-08,2,107.84,215.68
1221,411,139,2024-01-20,2,345.27,690.54
1222,27,142,2024-01-30,4,252.64,1010.56
1223,284,107,2024-01-19,1,38.46,38.46
1224,43,149,2024-04-21,2,277.89,555.78
1225,231,133,2024-06-15,2,41.88,83.76
1226,47,115,2024-01-15,4,99.09,396.36
1227,477,102,2023-09-25,4,475.85,1903.4
1228,203,133,2024-04-01,3,41.88,125.64000000000001
1229,198,106,2024-01-27,3,86.44,259.32
1230,15,121,2024-07-01,1,309.81,309.81
1231,406,110,2023-08-08,2,356.96,713.92
1232,147,131,2024-11-04,2,307.7,615.4
1233,362,131,2024-12-24,4,307.7,1230.8
1234,3,106,2023-10-09,1,86.44,86.44
1235,111,110,2023-10-12,4,356.96,1427.84
1236,398,119,2024-05-11,2,221.65,443.3
1237,63,104,2024-07-07,2,303.34,606.68
1238,328,140,2023-04-29,4,225.67,902.68
1239,57,132,2024-06-27,1,93.56,93.56
1240,264,137,2023-06-23,2,159.26,318.52
1241,150,128,2024-07-01,1,261.97,261.97
1242,181,116,2023-11-27,4,99.87,399.48
1243,341,143,2024-06-27,1,26.85,26.85
1244,500,124,2024-08-02,1,189.52,189.52
1245,279,133,2024-03-17,1,41.88,41.88
1246,448,131,2024-12-03,1,307.7,307.7
1247,199,124,2024-09-12,3,189.52,568.5600000000001
1248,9,123,2024-05-24,1,153.15,153.15
1249,124,147,2024-09-24,1,162.74,162.74
1250,377,149,2023-09-17,3,277.89,833.67
1251,23,123,2024-01-19,3,153.15,459.45000000000005
1252,426,150,2024-10-23,4,100.58,402.32
1253,246,141,2024-10-13,2,69.8,139.6
1254,70,105,2023-07-24,4,86.45,345.8
1255,151,113,2023-09-30,1,417.9,417.9
1256,454,103,2024-12-03,3,368.68,1106.04
1257,159,133,2024-12-31,4,41.88,167.52
1258,279,131,2023-09-18,3,307.7,923.0999999999999
1259,386,142,2024-02-02,2,252.64,505.28
1260,183,150,2024-05-17,1,100.58,100.58
1261,140,108,2024-10-26,3,434.43,1303.29
1262,456,126,2024-05-04,4,394.74,1578.96
1263,174,112,2024-09-23,4,485.26,1941.04
1264,189,134,2023-10-08,3,474.95,1424.85
1265,373,128,2024-03-21,1,261.97,261.97
1266,309,112,2024-06-04,3,485.26,1455.78
1267,53,106,2024-11-20,3,86.44,259.32
1268,152,120,2024-06-29,4,152.7,610.8
1269,368,128,2024-08-20,2,261.97,523.94
1270,180,129,2024-04-26,1,300.28,300.28
1271,315,128,2024-11-06,3,261.97,785.9100000000001
1272,406,104,2024-08-18,1,303.34,303.34
1273,187,133,2023-04-19,2,41.88,83.76
1274,74,139,2023-10-28,4,345.27,1381.08
1275,65,105,2024-06-12,2,86.45,172.9
1276,186,125,2024-11-20,1,233.47,233.47
1277,79,144,2024-07-27,4,455.57,1822.28
1278,191,129,2024-10-27,1,300.28,300.28
1279,71,134,2024-09-05,3,474.95,1424.85
1280,161,142,2024-04-18,3,252.64,757.92
1281,492,108,2023-08-09,1,434.43,434.43
1282,256,134,2023-11-11,4,474.95,1899.8
1283,135,150,2024-06-15,3,100.58,301.74
1284,110,140,2024-11-03,3,225.67,677.01
1285,470,132,2023-07-21,2,93.56,187.12
1286,70,105,2023-12-10,4,86.45,345.8
1287,461,146,2023-05-03,4,334.64,1338.56
1288,415,144,2024-05-31,3,455.57,1366.71
1289,364,105,2024-02-20,3,86.45,259.35
1290,436,111,2024-07-01,2,20.09,40.18
1291,261,115,2023-12-09,1,99.09,99.09
1292,406,109,2024-11-16,2,304.55,609.1
1293,14,124,2024-07-30,3,189.52,568.5600000000001
1294,412,136,2023-07-26,2,406.11,812.22
1295,34,120,2024-06-29,4,152.7,610.8
1296,270,127,2024-08-31,4,107.84,431.36
1297,38,109,2023-08-24,3,304.55,913.6500000000001
1298,231,130,2023-08-04,3,32.76,98.28
1299,450,150,2024-11-17,2,100.58,201.16
1300,495,109,2024-09-12,4,304.55,1218.2
1301,467,104,2024-09-08,1,303.34,303.34
1302,79,120,2023-12-26,2,152.7,305.4
1303,166,146,2024-02-12,2,334.64,669.28
1304,486,134,2023-08-21,3,474.95,1424.85
1305,129,113,2023-08-16,3,417.9,1253.6999999999998
1306,321,120,2024-07-03,1,152.7,152.7
1307,329,111,2023-11-05,2,20.09,40.18
1308,338,140,2024-09-13,3,225.67,677.01
1309,22,102,2023-10-11,1,475.85,475.85
1310,486,142,2024-01-03,3,252.64,757.92
1311,393,137,2024-11-01,4,159.26,637.04
1312,328,102,2024-11-27,4,475.85,1903.4
1313,280,119,2024-08-12,3,221.65,664.95
1314,126,144,2024-05-31,4,455.57,1822.28
1315,233,105,2023-08-15,1,86.45,86.45
1316,226,127,2024-11-05,4,107.84,431.36
1317,105,122,2023-12-30,2,78.35,156.7
1318,442,146,2024-10-20,3,334.64,1003.92
1319,441,123,2023-06-10,4,153.15,612.6
1320,390,124,2024-04-21,1,189.52,189.52
1321,124,130,2023-11-07,1,32.76,32.76
1322,231,116,2023-07-03,2,99.87,199.74
1323,26,119,2024-08-20,4,221.65,886.6
1324,128,111,2024-08-12,3,20.09,60.269999999999996
1325,370,121,2024-03-16,2,309.81,619.62
1326,256,133,2024-12-05,4,41.88,167.52
1327,451,120,2023-06-18,4,152.7,610.8
1328,47,126,2023-09-26,4,394.74,1578.96
1329,111,138,2023-08-09,3,57.86,173.57999999999998
1330,26,119,2024-10-12,4,221.65,886.6
1331,147,135,2024-12-19,1,483.16,483.16
1332,56,128,2024-04-01,2,261.97,523.94
1333,373,124,2024-01-15,4,189.52,758.08
1334,24,126,2024-09-30,1,394.74,394.74
1335,288,113,2024-10-13,3,417.9,1253.6999999999998
1336,148,105,2024-10-05,4,86.45,345.8
1337,231,149,2024-12-23,3,277.89,833.67
1338,349,140,2023-06-25,1,225.67,225.67
1339,500,107,2024-02-28,4,38.46,153.84
1340,407,122,2024-03-08,3,78.35,235.04999999999998
1341,102,139,2024-05-13,4,345.27,1381.08
1342,21,103,2024-02-03,1,368.68,368.68
1343,366,122,2024-10-25,4,78.35,313.4
1344,234,110,2024-04-30,2,356.96,713.92
1345,477,140,2024-01-15,3,225.67,677.01
1346,202,140,2024-12-13,3,225.67,677.01
1347,173,133,2024-11-13,4,41.88,167.52
1348,289,120,2024-12-28,4,152.7,610.8
1349,9,124,2023-09-26,3,189.52,568.5600000000001
1350,214,138,2023-08-15,3,57.86,173.57999999999998
1351,306,131,2024-10-18,3,307.7,923.0999999999999
1352,401,150,2024-10-02,2,100.58,201.16
1353,27,138,2023-07-08,4,57.86,231.44
1354,269,141,2024-02-13,4,69.8,279.2
1355,421,144,2023-05-23,2,455.57,911.14
1356,294,145,2023-09-08,1,136.8,136.8
1357,10,129,2024-06-28,3,300.28,900.8399999999999
1358,78,127,2024-07-04,2,107.84,215.68
1359,257,150,2023-07-25,4,100.58,402.32
1360,362,109,2024-10-29,2,304.55,609.1
1361,167,143,2024-11-01,4,26.85,107.4
1362,193,121,2024-08-02,2,309.81,619.62
1363,468,135,2024-08-09,3,483.16,1449.48
1364,182,144,2024-10-28,3,455.57,1366.71
1365,99,116,2024-09-22,3,99.87,299.61
1366,153,115,2024-05-03,3,99.09,297.27
1367,361,114,2024-05-05,4,114.05,456.2
1368,246,123,2024-01-19,3,153.15,459.45000000000005
1369,63,137,2024-06-25,4,159.26,637.04
1370,420,123,2024-01-31,2,153.15,306.3
1371,22,119,2024-03-13,1,221.65,221.65
1372,474,129,2024-09-09,3,300.28,900.8399999999999
1373,110,113,2024-08-27,3,417.9,1253.6999999999998
1374,357,118,2023-11-02,2,267.13,534.26
1375,316,148,2024-03-01,2,264.83,529.66
1376,26,143,2024-02-12,2,26.85,53.7
1377,27,107,2023-12-19,4,38.46,153.84
1378,368,131,2023-10-11,1,307.7,307.7
1379,3,136,2024-03-11,2,406.11,812.22
1380,335,131,2024-07-09,4,307.7,1230.8
1381,103,149,2024-02-19,3,277.89,833.67
1382,147,142,2024-11-09,1,252.64,252.64
1383,46,142,2024-11-08,2,252.64,505.28
1384,379,147,2024-12-18,1,162.74,162.74
1385,472,112,2023-12-02,4,485.26,1941.04
1386,479,103,2024-12-09,4,368.68,1474.72
1387,254,112,2023-07-25,3,485.26,1455.78
1388,5,120,2024-04-01,1,152.7,152.7
1389,146,130,2023-06-12,4,32.76,131.04
1390,436,133,2024-05-16,4,41.88,167.52
1391,99,108,2024-03-04,3,434.43,1303.29
1392,375,130,2023-10-15,3,32.76,98.28
1393,8,148,2024-04-26,3,264.83,794.49
1394,291,144,2023-08-26,2,455.57,911.14
1395,313,141,2024-05-13,4,69.8,279.2
1396,264,121,2024-03-12,1,309.81,309.81
1397,343,107,2023-11-06,2,38.46,76.92
1398,245,121,2023-03-17,2,309.81,619.62
1399,134,125,2024-08-04,2,233.47,466.94
1400,386,118,2024-02-10,3,267.13,801.39
1401,299,147,2024-04-24,1,162.74,162.74
1402,335,124,2023-09-11,2,189.52,379.04
1403,342,108,2024-02-09,4,434.43,1737.72
1404,82,126,2024-10-30,3,394.74,1184.22
1405,61,141,2024-05-22,3,69.8,209.39999999999998
1406,315,115,2023-06-07,2,99.09,198.18
1407,245,110,2024-11-20,4,356.96,1427.84
1408,192,127,2024-09-28,4,107.84,431.36
1409,411,143,2024-01-17,2,26.85,53.7
1410,349,149,2024-08-05,1,277.89,277.89
1411,229,134,2024-01-22,3,474.95,1424.85
1412,470,137,2023-05-20,1,159.26,159.26
1413,425,136,2024-07-15,2,406.11,812.22
1414,275,110,2024-04-30,2,356.96,713.92
1415,438,134,2023-07-03,4,474.95,1899.8
1416,349,114,2023-05-18,4,114.05,456.2
1417,461,133,2023-03-31,4,41.88,167.52
1418,233,109,2024-06-16,4,304.55,1218.2
1419,289,104,2024-10-16,4,303.34,1213.36
1420,414,120,2024-05-18,1,152.7,152.7
1421,131,101,2023-09-28,2,193.52,387.04
1422,24,128,2024-12-06,3,261.97,785.9100000000001
1423,33,135,2023-03-31,1,483.16,483.16
1424,479,131,2024-03-27,1,307.7,307.7
1425,210,112,2024-09-28,2,485.26,970.52
1426,329,147,2024-02-17,4,162.74,650.96
1427,457,125,2024-02-17,4,233.47,933.88
1428,193,106,2024-04-10,2,86.44,172.88
1429,61,112,2024-08-12,4,485.26,1941.04
1430,66,147,2024-11-17,2,162.74,325.48
1431,2,149,2024-05-15,1,277.89,277.89
1432,238,144,2024-07-29,4,455.57,1822.28
1433,195,115,2024-11-14,2,99.09,198.18
1434,178,110,2024-04-06,3,356.96,1070.8799999999999
1435,480,147,2023-11-29,1,162.74,162.74
1436,415,143,2023-06-27,4,26.85,107.4
1437,124,114,2023-05-21,1,114.05,114.05
1438,305,103,2024-10-21,4,368.68,1474.72
1439,345,146,2024-03-04,1,334.64,334.64
1440,380,103,2024-05-23,4,368.68,1474.72
1441,120,135,2023-03-22,2,483.16,966.32
1442,72,133,2024-04-20,3,41.88,125.64000000000001
1443,418,147,2024-10-10,3,162.74,488.22
1444,307,150,2024-01-02,3,100.58,301.74
1445,155,110,2024-05-12,2,356.96,713.92
1446,154,118,2024-07-10,1,267.13,267.13
1447,486,138,2024-08-12,2,57.86,115.72
1448,285,132,2024-06-18,1,93.56,93.56
1449,483,142,2024-06-04,4,252.64,1010.56
1450,357,127,2023-12-13,4,107.84,431.36
1451,154,125,2024-10-19,2,233.47,466.94
1452,276,131,2023-11-05,2,307.7,615.4
1453,154,146,2024-11-14,2,334.64,669.28
1454,238,104,2024-05-31,4,303.34,1213.36
1455,286,134,2024-06-12,2,474.95,949.9
1456,125,117,2024-02-07,2,159.08,318.16
1457,332,106,2024-10-30,4,86.44,345.76
1458,190,106,2024-01-17,2,86.44,172.88
1459,138,125,2023-03-18,1,233.47,233.47
1460,97,149,2024-04-16,2,277.89,555.78
1461,107,122,2024-12-29,3,78.35,235.04999999999998
1462,8,114,2023-10-27,2,114.05,228.1
1463,383,149,2024-12-12,4,277.89,1111.56
1464,125,145,2024-03-12,2,136.8,273.6
1465,469,116,2024-01-02,3,99.87,299.61
1466,195,130,2024-06-11,3,32.76,98.28
1467,134,124,2024-08-24,4,189.52,758.08
1468,51,147,2024-10-17,4,162.74,650.96
1469,430,121,2024-06-14,2,309.81,619.62
1470,161,127,2024-03-20,1,107.84,107.84
1471,380,110,2024-02-22,1,356.96,356.96
1472,284,138,2024-01-25,4,57.86,231.44
1473,79,113,2024-03-05,3,417.9,1253.6999999999998
1474,195,137,2024-12-24,2,159.26,318.52
1475,282,142,2024-02-24,3,252.64,757.92
1476,391,132,2024-08-07,4,93.56,374.24
1477,87,147,2023-06-23,3,162.74,488.22
1478,72,147,2024-03-26,4,162.74,650.96
1479,470,135,2024-09-04,1,483.16,483.16
1480,18,105,2023-02-11,1,86.45,86.45
1481,212,109,2023-09-07,2,304.55,609.1
1482,363,110,2023-12-27,1,356.96,356.96
1483,259,130,2023-07-10,3,32.76,98.28
1484,317,141,2024-09-01,4,69.8,279.2
1485,250,102,2024-09-07,1,475.85,475.85
1486,7,102,2024-05-24,3,475.85,1427.5500000000002
1487,147,102,2024-11-28,4,475.85,1903.4
1488,482,112,2023-11-13,1,485.26,485.26
1489,269,110,2024-03-07,2,356.96,713.92
1490,318,134,2024-08-04,3,474.95,1424.85
1491,137,126,2024-06-27,1,394.74,394.74
1492,492,126,2024-08-31,4,394.74,1578.96
1493,125,145,2024-01-22,2,136.8,273.6
1494,351,106,2023-10-05,1,86.44,86.44
1495,208,125,2024-07-30,4,233.47,933.88
1496,244,104,2024-01-30,1,303.34,303.34
1497,43,132,2024-06-20,4,93.56,374.24
1498,290,107,2024-03-03,1,38.46,38.46
1499,109,145,2024-04-07,4,136.8,547.2
1500,24,105,2024-09-17,3,86.45,259.35
1501,289,143,2024-02-06,1,26.85,26.85
1502,476,121,2024-01-27,1,309.81,309.81
1503,301,110,2023-10-09,4,356.96,1427.84
1504,154,111,2024-07-15,2,20.09,40.18
1505,428,125,2024-03-20,3,233.47,700.41
1506,387,148,2024-09-25,2,264.83,529.66
1507,353,147,2024-05-08,1,162.74,162.74
1508,382,123,2024-02-08,1,153.15,153.15
1509,224,115,2024-02-27,1,99.09,99.09
1510,310,150,2024-05-03,4,100.58,402.32
1511,16,141,2024-09-21,3,69.8,209.39999999999998
1512,252,115,2024-11-05,3,99.09,297.27
1513,482,125,2023-12-29,4,233.47,933.88
1514,349,138,2023-05-12,4,57.86,231.44
1515,396,140,2024-04-10,3,225.67,677.01
1516,366,105,2024-02-11,1,86.45,86.45
1517,79,125,2024-08-15,2,233.47,466.94
1518,163,124,2023-10-02,1,189.52,189.52
1519,3,120,2024-01-23,4,152.7,610.8
1520,390,118,2023-10-13,1,267.13,267.13
1521,45,112,2024-07-10,4,485.26,1941.04
1522,286,136,2023-08-25,4,406.11,1624.44
1523,14,106,2024-10-27,3,86.44,259.32
1524,48,139,2024-07-13,3,345.27,1035.81
1525,7,119,2024-03-09,4,221.65,886.6
1526,399,106,2024-06-18,2,86.44,172.88
1527,267,111,2024-02-23,4,20.09,80.36
1528,72,118,2024-05-08,3,267.13,801.39
1529,253,110,2023-11-14,1,356.96,356.96
1530,223,118,2024-01-12,4,267.13,1068.52
1531,248,105,2023-10-10,3,86.45,259.35
1532,484,116,2024-06-18,4,99.87,399.48
1533,316,113,2023-10-14,4,417.9,1671.6
1534,70,120,2024-07-26,1,152.7,152.7
1535,171,140,2024-11-08,4,225.67,902.68
1536,442,122,2024-03-30,4,78.35,313.4
1537,221,142,2024-02-24,2,252.64,505.28
1538,165,139,2024-05-03,2,345.27,690.54
1539,161,112,2024-06-28,4,485.26,1941.04
1540,150,148,2024-12-29,4,264.83,1059.32
1541,295,116,2024-05-03,3,99.87,299.61
1542,144,126,2023-11-20,3,394.74,1184.22
1543,478,137,2024-09-05,2,159.26,318.52
1544,280,112,2024-12-15,1,485.26,485.26
1545,237,146,2024-10-11,2,334.64,669.28
1546,409,119,2024-07-10,1,221.65,221.65
1547,345,132,2024-09-19,2,93.56,187.12
1548,156,116,2024-10-03,3,99.87,299.61
1549,79,146,2024-08-03,4,334.64,1338.56
1550,38,129,2024-07-24,4,300.28,1201.12
1551,274,133,2024-07-20,4,41.88,167.52
1552,19,124,2023-09-11,1,189.52,189.52
1553,394,116,2023-10-22,3,99.87,299.61
1554,332,140,2024-06-07,1,225.67,225.67
1555,331,144,2024-12-11,4,455.57,1822.28
1556,170,128,2023-06-01,1,261.97,261.97
1557,51,117,2024-06-11,2,159.08,318.16
1558,383,134,2024-04-16,2,474.95,949.9
1559,192,126,2024-12-09,4,394.74,1578.96
1560,302,145,2024-03-30,2,136.8,273.6
1561,13,131,2024-05-03,1,307.7,307.7
1562,213,106,2023-10-25,1,86.44,86.44
1563,179,120,2024-09-04,3,152.7,458.09999999999997
1564,402,114,2024-06-16,4,114.05,456.2
1565,244,107,2024-11-13,4,38.46,153.84
1566,164,105,2023-05-07,3,86.45,259.35
1567,415,146,2023-07-04,1,334.64,334.64
1568,435,122,2024-12-01,1,78.35,78.35
1569,410,111,2024-11-15,2,20.09,40.18
1570,90,136,2024-03-21,2,406.11,812.22
1571,287,128,2024-03-01,4,261.97,1047.88
1572,409,126,2023-11-25,2,394.74,789.48
1573,328,143,2024-04-04,4,26.85,107.4
1574,15,148,2024-10-26,2,264.83,529.66
1575,304,128,2023-11-02,4,261.97,1047.88
1576,361,114,2024-03-27,2,114.05,228.1
1577,386,146,2024-06-30,1,334.64,334.64
1578,53,135,2024-06-22,2,483.16,966.32
1579,167,113,2023-09-06,4,417.9,1671.6
1580,135,143,2024-09-07,4,26.85,107.4
1581,495,141,2024-12-18,3,69.8,209.39999999999998
1582,199,140,2024-06-22,4,225.67,902.68
1583,59,123,2024-07-28,3,153.15,459.45000000000005
1584,317,112,2024-08-09,3,485.26,1455.78
1585,303,106,2023-12-25,2,86.44,172.88
1586,61,116,2024-01-14,3,99.87,299.61
1587,94,124,2024-08-19,2,189.52,379.04
1588,199,127,2024-06-16,2,107.84,215.68
1589,197,128,2024-10-29,2,261.97,523.94
1590,326,135,2024-01-21,2,483.16,966.32
1591,251,119,2023-12-25,2,221.65,443.3
1592,162,129,2024-12-24,1,300.28,300.28
1593,184,101,2023-12-12,4,193.52,774.08
1594,100,125,2024-06-11,4,233.47,933.88
1595,351,132,2024-08-16,4,93.56,374.24
1596,431,129,2023-10-15,4,300.28,1201.12
1597,43,137,2024-02-27,1,159.26,159.26
1598,150,103,2023-12-15,3,368.68,1106.04
1599,276,119,2024-06-30,2,221.65,443.3
1600,290,148,2024-08-14,4,264.83,1059.32
1601,262,108,2023-10-11,1,434.43,434.43
1602,397,135,2024-07-28,3,483.16,1449.48
1603,422,149,2024-09-28,1,277.89,277.89
1604,369,129,2024-06-06,2,300.28,600.56
1605,53,148,2024-05-18,2,264.83,529.66
1606,448,103,2023-11-18,4,368.68,1474.72
1607,179,106,2023-09-24,4,86.44,345.76
1608,398,116,2024-07-01,2,99.87,199.74
1609,441,146,2023-07-16,4,334.64,1338.56
1610,316,109,2024-01-24,2,304.55,609.1
1611,413,104,2024-08-29,3,303.34,910.02
1612,144,139,2024-03-06,2,345.27,690.54
1613,361,119,2024-03-15,3,221.65,664.95
1614,488,133,2023-12-24,1,41.88,41.88
1615,493,149,2023-12-09,4,277.89,1111.56
1616,142,142,2023-08-14,2,252.64,505.28
1617,128,110,2024-12-19,3,356.96,1070.8799999999999
1618,127,149,2024-07-26,4,277.89,1111.56
1619,73,137,2024-07-29,3,159.26,477.78
1620,193,129,2023-07-24,1,300.28,300.28
1621,207,133,2024-12-22,3,41.88,125.64000000000001
1622,480,124,2024-07-19,4,189.52,758.08
1623,168,138,2023-08-10,1,57.86,57.86
1624,375,130,2023-06-11,3,32.76,98.28
1625,408,135,2023-12-10,4,483.16,1932.64
1626,496,128,2024-07-27,2,261.97,523.94
1627,138,121,2023-12-14,3,309.81,929.4300000000001
1628,281,137,2024-09-29,2,159.26,318.52
1629,437,132,2024-12-31,3,93.56,280.68
1630,350,149,2023-07-09,1,277.89,277.89
1631,51,141,2023-10-02,4,69.8,279.2
1632,64,111,2024-06-14,4,20.09,80.36
1633,1,128,2023-07-10,2,261.97,523.94
1634,452,142,2023-11-18,3,252.64,757.92
1635,448,118,2024-12-23,1,267.13,267.13
1636,185,117,2024-02-26,1,159.08,159.08
1637,341,142,2023-10-29,2,252.64,505.28
1638,203,141,2024-03-30,3,69.8,209.39999999999998
1639,220,142,2024-09-01,1,252.64,252.64
1640,49,101,2024-04-12,2,193.52,387.04
1641,40,109,2024-07-29,2,304.55,609.1
1642,349,129,2023-02-22,1,300.28,300.28
1643,357,122,2024-09-18,1,78.35,78.35
1644,356,109,2024-01-14,4,304.55,1218.2
1645,118,125,2023-06-29,1,233.47,233.47
1646,53,121,2024-05-19,3,309.81,929.4300000000001
1647,71,125,2023-12-19,2,233.47,466.94
1648,36,134,2024-06-18,1,474.95,474.95
1649,333,111,2024-06-25,4,20.09,80.36
1650,370,114,2024-07-23,2,114.05,228.1
1651,316,144,2024-02-04,4,455.57,1822.28
1652,45,107,2023-08-12,2,38.46,76.92
1653,302,147,2024-04-05,4,162.74,650.96
1654,494,128,2023-07-13,3,261.97,785.9100000000001
1655,127,118,2024-03-25,1,267.13,267.13
1656,284,139,2024-09-28,3,345.27,1035.81
1657,482,145,2024-12-02,1,136.8,136.8
1658,434,143,2023-12-31,3,26.85,80.55000000000001
1659,266,139,2024-05-30,2,345.27,690.54
1660,152,142,2024-09-30,1,252.64,252.64
1661,460,116,2024-03-29,4,99.87,399.48
1662,58,116,2024-11-19,4,99.87,399.48
1663,305,105,2024-06-21,1,86.45,86.45
1664,479,121,2024-05-18,2,309.81,619.62
1665,441,137,2024-02-06,4,159.26,637.04
1666,280,144,2024-08-06,2,455.57,911.14
1667,489,150,2023-06-23,1,100.58,100.58
1668,301,105,2024-04-16,1,86.45,86.45
1669,111,103,2024-08-01,1,368.68,368.68
1670,260,119,2024-04-19,4,221.65,886.6
1671,360,126,2024-08-03,1,394.74,394.74
1672,275,135,2024-04-05,2,483.16,966.32
1673,43,120,2024-12-21,1,152.7,152.7
1674,472,114,2024-12-05,2,114.05,228.1
1675,168,126,2024-03-19,1,394.74,394.74
1676,358,128,2023-08-20,2,261.97,523.94
1677,126,106,2023-11-27,4,86.44,345.76
1678,233,140,2024-01-17,1,225.67,225.67
1679,342,148,2023-11-05,2,264.83,529.66
1680,7,146,2024-08-17,2,334.64,669.28
1681,6,111,2024-04-02,4,20.09,80.36
1682,268,134,2023-07-25,3,474.95,1424.85
1683,191,109,2023-07-18,3,304.55,913.6500000000001
1684,395,102,2024-08-18,3,475.85,1427.5500000000002
1685,140,134,2024-05-01,1,474.95,474.95
1686,365,137,2024-11-20,1,159.26,159.26
1687,234,133,2023-12-13,3,41.88,125.64000000000001
1688,256,137,2024-07-24,2,159.26,318.52
1689,81,117,2024-11-07,1,159.08,159.08
1690,346,147,2024-01-06,1,162.74,162.74
1691,380,133,2023-11-03,1,41.88,41.88
1692,440,101,2023-03-12,2,193.52,387.04
1693,242,124,2023-07-15,4,189.52,758.08
1694,92,103,2024-02-15,4,368.68,1474.72
1695,165,116,2024-12-12,4,99.87,399.48
1696,369,121,2024-12-28,3,309.81,929.4300000000001
1697,40,137,2024-01-07,3,159.26,477.78
1698,258,144,2024-02-03,1,455.57,455.57
1699,115,134,2024-07-22,1,474.95,474.95
1700,36,130,2024-09-10,3,32.76,98.28
1701,433,120,2023-06-29,3,152.7,458.09999999999997
1702,284,130,2024-03-02,1,32.76,32.76
1703,103,119,2024-12-24,3,221.65,664.95
1704,125,130,2024-06-19,3,32.76,98.28
1705,498,132,2024-11-25,2,93.56,187.12
1706,390,116,2023-06-06,2,99.87,199.74
1707,478,127,2024-03-05,1,107.84,107.84
1708,278,123,2024-02-12,1,153.15,153.15
1709,1,149,2024-01-05,4,277.89,1111.56
1710,54,114,2024-07-11,2,114.05,228.1
1711,252,104,2024-01-30,2,303.34,606.68
1712,48,103,2024-09-20,2,368.68,737.36
1713,212,145,2024-10-11,3,136.8,410.40000000000003
1714,499,148,2024-09-27,1,264.83,264.83
1715,49,133,2024-07-03,2,41.88,83.76
1716,420,126,2024-12-05,1,394.74,394.74
1717,291,104,2023-07-11,4,303.34,1213.36
1718,122,119,2024-11-09,3,221.65,664.95
1719,162,126,2024-03-18,3,394.74,1184.22
1720,232,118,2023-10-05,2,267.13,534.26
1721,484,113,2024-09-21,2,417.9,835.8
1722,395,138,2023-11-12,1,57.86,57.86
1723,55,111,2024-07-31,4,20.09,80.36
1724,161,127,2024-08-07,1,107.84,107.84
1725,494,150,2024-05-27,2,100.58,201.16
1726,158,130,2024-10-24,3,32.76,98.28
1727,62,106,2024-04-16,2,86.44,172.88
1728,424,146,2024-02-16,1,334.64,334.64
1729,428,121,2023-05-25,2,309.81,619.62
1730,365,116,2024-08-09,3,99.87,299.61
1731,263,104,2024-02-14,3,303.34,910.02
1732,420,112,2024-05-27,1,485.26,485.26
1733,438,129,2023-06-10,2,300.28,600.56
1734,237,107,2023-11-22,2,38.46,76.92
1735,7,104,2023-10-29,2,303.34,606.68
1736,102,126,2024-08-16,3,394.74,1184.22
1737,323,142,2024-09-21,1,252.64,252.64
1738,301,117,2023-08-14,1,159.08,159.08
1739,34,113,2023-07-06,4,417.9,1671.6
1740,48,122,2024-01-19,1,78.35,78.35
1741,483,130,2024-01-02,1,32.76,32.76
1742,474,137,2024-06-15,4,159.26,637.04
1743,255,102,2024-08-31,4,475.85,1903.4
1744,89,123,2023-12-04,2,153.15,306.3
1745,141,118,2023-09-22,4,267.13,1068.52
1746,18,140,2024-11-28,2,225.67,451.34
1747,152,132,2024-11-19,4,93.56,374.24
1748,282,131,2023-11-29,1,307.7,307.7
1749,144,125,2024-04-24,2,233.47,466.94
1750,103,142,2024-10-04,2,252.64,505.28
1751,407,102,2024-12-25,4,475.85,1903.4
1752,184,131,2024-03-28,4,307.7,1230.8
1753,468,137,2024-02-29,3,159.26,477.78
1754,139,112,2024-01-16,1,485.26,485.26
1755,306,115,2024-12-20,1,99.09,99.09
1756,144,104,2024-06-20,4,303.34,1213.36
1757,184,150,2023-12-24,2,100.58,201.16
1758,52,116,2024-02-16,2,99.87,199.74
1759,274,148,2023-08-23,1,264.83,264.83
1760,295,125,2024-12-26,3,233.47,700.41
1761,433,112,2023-11-30,2,485.26,970.52
1762,304,121,2024-08-28,3,309.81,929.4300000000001
1763,15,146,2023-12-16,3,334.64,1003.92
1764,289,113,2024-08-10,4,417.9,1671.6
1765,159,112,2023-11-29,4,485.26,1941.04
1766,47,104,2024-09-30,2,303.34,606.68
1767,113,102,2023-05-01,4,475.85,1903.4
1768,170,140,2023-10-02,2,225.67,451.34
1769,175,146,2024-04-16,2,334.64,669.28
1770,31,102,2024-08-20,2,475.85,951.7
1771,361,110,2024-12-05,1,356.96,356.96
1772,441,124,2024-02-14,1,189.52,189.52
1773,361,143,2023-09-27,4,26.85,107.4
1774,173,120,2024-01-25,3,152.7,458.09999999999997
1775,500,111,2024-11-26,4,20.09,80.36
1776,492,132,2023-07-28,3,93.56,280.68
1777,363,136,2023-12-30,3,406.11,1218.33
1778,341,138,2024-04-13,2,57.86,115.72
1779,158,147,2023-10-19,3,162.74,488.22
1780,91,147,2024-12-06,1,162.74,162.74
1781,360,137,2024-11-19,4,159.26,637.04
1782,395,137,2023-12-09,1,159.26,159.26
1783,309,121,2024-11-14,2,309.81,619.62
1784,290,107,2024-01-18,4,38.46,153.84
1785,170,148,2024-01-20,1,264.83,264.83
1786,178,121,2024-11-21,2,309.81,619.62
1787,454,106,2024-03-29,3,86.44,259.32
1788,6,117,2023-12-24,2,159.08,318.16
1789,355,105,2024-03-19,3,86.45,259.35
1790,403,107,2023-09-24,1,38.46,38.46
1791,198,129,2023-12-29,4,300.28,1201.12
1792,453,127,2024-11-27,4,107.84,431.36
1793,194,123,2023-05-16,4,153.15,612.6
1794,425,131,2023-12-18,2,307.7,615.4
1795,232,105,2024-01-25,1,86.45,86.45
1796,11,121,2023-08-10,3,309.81,929.4300000000001
1797,38,122,2024-06-28,2,78.35,156.7
1798,83,147,2024-07-25,1,162.74,162.74
1799,483,106,2024-11-19,3,86.44,259.32
1800,361,102,2023-12-01,4,475.85,1903.4
1801,311,128,2024-01-13,2,261.97,523.94
1802,52,122,2024-01-08,2,78.35,156.7
1803,210,145,2024-08-05,3,136.8,410.40000000000003
1804,145,120,2023-10-14,2,152.7,305.4
1805,26,126,2023-11-23,4,394.74,1578.96
1806,28,124,2024-05-11,1,189.52,189.52
1807,45,119,2023-10-29,4,221.65,886.6
1808,50,102,2023-06-24,2,475.85,951.7
1809,327,119,2024-05-07,1,221.65,221.65
1810,433,108,2024-05-13,3,434.43,1303.29
1811,242,132,2023-05-16,3,93.56,280.68
1812,329,135,2023-11-12,4,483.16,1932.64
1813,190,125,2024-03-26,3,233.47,700.41
1814,229,103,2024-07-26,3,368.68,1106.04
1815,239,117,2024-12-17,2,159.08,318.16
1816,138,137,2023-06-06,1,159.26,159.26
1817,386,145,2023-10-22,1,136.8,136.8
1818,343,123,2024-09-17,4,153.15,612.6
1819,302,115,2024-05-12,1,99.09,99.09
1820,420,134,2024-10-08,4,474.95,1899.8
1821,352,131,2024-09-03,2,307.7,615.4
1822,154,106,2024-12-09,4,86.44,345.76
1823,366,103,2023-09-13,2,368.68,737.36
1824,487,149,2024-01-25,4,277.89,1111.56
1825,486,111,2023-12-16,2,20.09,40.18
1826,65,103,2023-08-22,4,368.68,1474.72
1827,350,128,2023-10-21,2,261.97,523.94
1828,428,139,2024-01-14,3,345.27,1035.81
1829,467,147,2024-01-31,1,162.74,162.74
1830,199,136,2024-06-04,4,406.11,1624.44
1831,167,118,2023-05-25,4,267.13,1068.52
1832,403,145,2023-11-29,4,136.8,547.2
1833,213,110,2023-09-12,2,356.96,713.92
1834,474,107,2024-02-24,1,38.46,38.46
1835,445,135,2024-04-29,3,483.16,1449.48
1836,136,125,2024-09-19,4,233.47,933.88
1837,312,131,2024-01-31,1,307.7,307.7
1838,142,126,2024-12-24,2,394.74,789.48
1839,312,144,2023-11-23,4,455.57,1822.28
1840,203,122,2023-09-23,2,78.35,156.7
1841,382,131,2024-06-27,3,307.7,923.0999999999999
1842,11,122,2024-03-08,3,78.35,235.04999999999998
1843,144,132,2024-12-10,1,93.56,93.56
1844,117,109,2024-07-08,3,304.55,913.6500000000001
1845,397,121,2024-11-01,3,309.81,929.4300000000001
1846,214,139,2024-01-27,1,345.27,345.27
1847,227,114,2024-10-30,4,114.05,456.2
1848,389,134,2023-04-15,3,474.95,1424.85
1849,264,111,2023-12-11,1,20.09,20.09
1850,364,133,2023-09-04,4,41.88,167.52
1851,400,134,2024-01-07,1,474.95,474.95
1852,99,113,2024-04-17,1,417.9,417.9
1853,17,130,2024-05-26,1,32.76,32.76
1854,361,113,2024-06-27,3,417.9,1253.6999999999998
1855,422,130,2024-07-26,4,32.76,131.04
1856,473,108,2023-10-18,1,434.43,434.43
1857,191,132,2023-09-17,4,93.56,374.24
1858,492,131,2024-01-18,3,307.7,923.0999999999999
1859,84,117,2024-03-21,1,159.08,159.08
1860,15,125,2024-01-06,1,233.47,233.47
1861,438,137,2023-10-18,2,159.26,318.52
1862,332,115,2024-01-08,2,99.09,198.18
1863,334,127,2023-03-29,1,107.84,107.84
1864,243,109,2024-09-28,2,304.55,609.1
1865,411,101,2024-01-22,2,193.52,387.04
1866,312,120,2024-06-07,3,152.7,458.09999999999997
1867,459,125,2024-04-24,3,233.47,700.41
1868,130,114,2024-05-25,4,114.05,456.2
1869,347,134,2023-09-27,4,474.95,1899.8
1870,4,133,2024-06-11,3,41.88,125.64000000000001
1871,332,139,2024-01-23,3,345.27,1035.81
1872,351,107,2023-09-20,4,38.46,153.84
1873,173,118,2024-04-06,3,267.13,801.39
1874,134,142,2023-11-13,3,252.64,757.92
1875,77,134,2023-10-01,2,474.95,949.9
1876,413,139,2024-01-24,4,345.27,1381.08
1877,349,109,2024-12-16,1,304.55,304.55
1878,255,119,2024-08-23,3,221.65,664.95
1879,208,125,2024-08-15,1,233.47,233.47
1880,363,137,2024-02-29,2,159.26,318.52
1881,372,146,2024-09-27,2,334.64,669.28
1882,274,141,2024-11-28,4,69.8,279.2
1883,184,133,2024-12-09,3,41.88,125.64000000000001
1884,88,143,2024-03-31,2,26.85,53.7
1885,50,131,2023-09-22,2,307.7,615.4
1886,372,136,2024-09-24,2,406.11,812.22
1887,461,122,2023-09-18,1,78.35,78.35
1888,182,115,2024-08-24,3,99.09,297.27
1889,404,122,2024-02-19,3,78.35,235.04999999999998
1890,300,119,2023-11-09,4,221.65,886.6
1891,241,104,2024-05-11,1,303.34,303.34
1892,456,113,2024-04-29,1,417.9,417.9
1893,272,120,2023-07-01,4,152.7,610.8
1894,446,110,2024-03-04,2,356.96,713.92
1895,176,127,2023-10-26,4,107.84,431.36
1896,162,146,2024-11-09,2,334.64,669.28
1897,42,132,2024-12-06,3,93.56,280.68
1898,91,121,2023-08-11,1,309.81,309.81
1899,232,118,2024-09-20,2,267.13,534.26
1900,397,111,2024-07-01,2,20.09,40.18
1901,403,149,2023-12-16,1,277.89,277.89
1902,315,128,2024-03-10,4,261.97,1047.88
1903,220,131,2023-09-09,4,307.7,1230.8
1904,20,135,2024-07-15,2,483.16,966.32
1905,487,101,2024-11-19,3,193.52,580.5600000000001
1906,427,134,2023-06-12,2,474.95,949.9
1907,347,101,2024-02-01,2,193.52,387.04
1908,356,123,2024-02-13,3,153.15,459.45000000000005
1909,53,125,2024-03-12,3,233.47,700.41
1910,34,103,2023-12-19,3,368.68,1106.04
1911,234,147,2024-06-24,3,162.74,488.22
1912,455,144,2024-06-08,2,455.57,911.14
1913,462,132,2024-02-02,3,93.56,280.68
1914,85,126,2024-03-16,1,394.74,394.74
1915,115,147,2024-01-10,2,162.74,325.48
1916,376,102,2023-06-19,2,475.85,951.7
1917,188,146,2024-05-17,1,334.64,334.64
1918,449,141,2024-07-07,3,69.8,209.39999999999998
1919,320,104,2023-10-27,1,303.34,303.34
1920,335,102,2024-07-29,1,475.85,475.85
1921,60,127,2024-07-12,4,107.84,431.36
1922,64,136,2024-07-02,3,406.11,1218.33
1923,360,110,2024-08-31,2,356.96,713.92
1924,352,141,2024-03-08,1,69.8,69.8
1925,216,143,2024-09-06,1,26.85,26.85
1926,267,118,2024-06-30,2,267.13,534.26
1927,426,107,2024-03-25,1,38.46,38.46
1928,59,107,2024-03-17,4,38.46,153.84
1929,312,113,2024-07-28,3,417.9,1253.6999999999998
1930,499,113,2024-11-29,3,417.9,1253.6999999999998
1931,210,119,2023-09-22,2,221.65,443.3
1932,281,132,2024-07-04,2,93.56,187.12
1933,170,116,2023-06-04,1,99.87,99.87
1934,344,106,2024-10-12,1,86.44,86.44
1935,294,143,2023-07-27,4,26.85,107.4
1936,487,106,2024-11-02,1,86.44,86.44
1937,371,107,2024-01-13,3,38.46,115.38
1938,234,119,2024-07-09,3,221.65,664.95
1939,26,107,2023-07-29,2,38.46,76.92
1940,437,119,2024-11-14,3,221.65,664.95
1941,347,121,2023-10-11,4,309.81,1239.24
1942,49,149,2023-08-16,1,277.89,277.89
1943,437,109,2024-03-17,2,304.55,609.1
1944,184,129,2024-12-26,3,300.28,900.8399999999999
1945,376,106,2024-01-29,3,86.44,259.32
1946,94,108,2024-06-23,4,434.43,1737.72
1947,493,130,2024-05-24,3,32.76,98.28
1948,354,131,2024-09-15,4,307.7,1230.8
1949,454,111,2023-10-20,1,20.09,20.09
1950,357,147,2023-12-24,1,162.74,162.74
1951,54,127,2024-09-26,4,107.84,431.36
1952,348,129,2024-05-28,2,300.28,600.56
1953,399,123,2024-11-14,1,153.15,153.15
1954,351,147,2024-04-22,2,162.74,325.48
1955,472,132,2024-07-30,1,93.56,93.56
1956,226,103,2024-04-11,1,368.68,368.68
1957,336,121,2024-09-19,1,309.81,309.81
1958,393,148,2024-11-27,2,264.83,529.66
1959,448,122,2024-05-10,1,78.35,78.35
1960,339,147,2024-09-23,2,162.74,325.48
1961,178,143,2024-03-17,4,26.85,107.4
1962,430,136,2023-06-12,1,406.11,406.11
1963,330,111,2024-11-23,4,20.09,80.36
1964,446,111,2024-12-11,1,20.09,20.09
1965,252,121,2024-03-22,2,309.81,619.62
1966,497,118,2024-09-19,1,267.13,267.13
1967,115,136,2024-07-24,4,406.11,1624.44
1968,419,116,2024-07-18,1,99.87,99.87
1969,228,137,2024-01-23,4,159.26,637.04
1970,439,132,2024-04-08,4,93.56,374.24
1971,61,132,2024-01-07,1,93.56,93.56
1972,207,127,2024-08-03,1,107.84,107.84
1973,282,101,2024-11-24,1,193.52,193.52
1974,310,140,2024-11-05,3,225.67,677.01
1975,288,114,2024-03-10,4,114.05,456.2
1976,187,104,2024-06-26,2,303.34,606.68
1977,170,136,2024-05-28,4,406.11,1624.44
1978,367,129,2023-10-01,1,300.28,300.28
1979,389,143,2023-02-19,2,26.85,53.7
1980,175,123,2024-12-01,3,153.15,459.45000000000005
1981,268,124,2023-03-23,1,189.52,189.52
1982,460,111,2023-07-21,4,20.09,80.36
1983,421,146,2023-08-08,4,334.64,1338.56
1984,131,140,2024-01-24,2,225.67,451.34
1985,62,126,2024-09-20,2,394.74,789.48
1986,423,113,2023-09-09,3,417.9,1253.6999999999998
1987,388,127,2024-10-18,1,107.84,107.84
1988,429,144,2024-07-14,1,455.57,455.57
1989,235,143,2024-06-12,2,26.85,53.7
1990,3,134,2024-08-08,1,474.95,474.95
1991,479,128,2024-07-19,4,261.97,1047.88
1992,400,112,2024-10-19,2,485.26,970.52
1993,418,109,2024-07-05,1,304.55,304.55
1994,337,139,2024-06-09,3,345.27,1035.81
1995,452,125,2024-07-05,4,233.47,933.88
1996,469,145,2023-12-24,2,136.8,273.6
1997,204,122,2024-10-24,3,78.35,235.04999999999998
1998,413,109,2024-04-28,2,304.55,609.1
1999,309,145,2024-12-16,3,136.8,410.40000000000003
2000,281,121,2023-09-21,2,309.81,619.62
2001,108,140,2024-11-21,3,225.67,677.01
2002,177,144,2024-12-05,2,455.57,911.14
2003,500,112,2023-06-09,3,485.26,1455.78
2004,390,123,2024-07-31,4,153.15,612.6
2005,346,148,2024-07-23,3,264.83,794.49
2006,414,101,2023-05-04,1,193.52,193.52
2007,196,110,2023-09-23,1,356.96,356.96
2008,103,118,2024-01-15,2,267.13,534.26
2009,350,117,2023-07-25,2,159.08,318.16
2010,354,119,2024-11-07,2,221.65,443.3
2011,278,103,2024-06-11,3,368.68,1106.04
2012,53,140,2024-11-13,2,225.67,451.34
2013,288,125,2024-08-31,2,233.47,466.94
2014,402,145,2023-08-13,3,136.8,410.40000000000003
2015,475,125,2024-05-01,4,233.47,933.88
2016,490,144,2024-07-27,3,455.57,1366.71
2017,28,101,2023-09-24,3,193.52,580.5600000000001
2018,318,150,2024-03-25,4,100.58,402.32
2019,467,141,2024-10-14,3,69.8,209.39999999999998
2020,280,148,2024-12-14,2,264.83,529.66
2021,494,113,2024-05-24,3,417.9,1253.6999999999998
2022,91,144,2023-11-12,1,455.57,455.57
2023,493,112,2024-05-20,1,485.26,485.26
2024,21,128,2024-09-04,3,261.97,785.9100000000001
2025,136,109,2024-09-26,2,304.55,609.1
2026,434,117,2024-05-07,1,159.08,159.08
2027,239,146,2023-11-05,2,334.64,669.28
2028,79,121,2024-05-17,1,309.81,309.81
2029,252,137,2023-07-02,3,159.26,477.78
2030,402,146,2024-12-15,3,334.64,1003.92
2031,113,112,2024-09-29,1,485.26,485.26
2032,82,127,2023-12-29,4,107.84,431.36
2033,179,115,2024-04-30,2,99.09,198.18
2034,170,124,2023-12-31,3,189.52,568.5600000000001
2035,487,149,2024-08-11,4,277.89,1111.56
2036,422,149,2023-11-02,1,277.89,277.89
2037,343,123,2023-12-28,4,153.15,612.6
2038,464,142,2023-03-19,2,252.64,505.28
2039,350,121,2023-09-16,4,309.81,1239.24
2040,198,117,2023-10-17,3,159.08,477.24
2041,467,134,2024-09-06,3,474.95,1424.85
2042,412,133,2024-09-08,4,41.88,167.52
2043,23,119,2024-06-16,2,221.65,443.3
2044,264,106,2023-07-17,1,86.44,86.44
2045,498,150,2023-07-22,1,100.58,100.58
2046,108,143,2024-11-20,2,26.85,53.7
2047,218,107,2024-08-06,2,38.46,76.92
2048,425,145,2024-08-22,4,136.8,547.2
2049,419,105,2023-04-29,2,86.45,172.9
2050,236,146,2023-02-21,3,334.64,1003.92
2051,45,105,2023-10-07,1,86.45,86.45
2052,407,117,2024-10-15,1,159.08,159.08
2053,421,115,2024-06-11,3,99.09,297.27
2054,199,129,2024-04-04,4,300.28,1201.12
2055,162,102,2024-09-16,4,475.85,1903.4
2056,61,135,2024-10-09,1,483.16,483.16
2057,369,140,2024-11-23,1,225.67,225.67
2058,382,138,2024-12-12,1,57.86,57.86
2059,435,105,2024-06-05,3,86.45,259.35
2060,55,119,2024-12-22,3,221.65,664.95
2061,45,119,2024-05-02,4,221.65,886.6
2062,203,143,2024-12-01,1,26.85,26.85
2063,81,135,2023-08-17,2,483.16,966.32
2064,383,126,2024-07-21,3,394.74,1184.22
2065,74,120,2023-10-16,3,152.7,458.09999999999997
2066,284,136,2023-10-29,2,406.11,812.22
2067,22,101,2024-06-19,4,193.52,774.08
2068,281,106,2023-10-01,3,86.44,259.32
2069,384,148,2024-03-14,3,264.83,794.49
2070,212,142,2023-12-11,2,252.64,505.28
2071,95,115,2023-12-29,3,99.09,297.27
2072,59,112,2024-12-25,1,485.26,485.26
2073,478,136,2024-10-02,4,406.11,1624.44
2074,282,105,2024-09-23,3,86.45,259.35
2075,35,117,2024-02-11,1,159.08,159.08
2076,372,138,2024-03-29,4,57.86,231.44
2077,183,109,2023-09-23,2,304.55,609.1
2078,146,140,2023-08-12,1,225.67,225.67
2079,163,132,2024-02-01,4,93.56,374.24
2080,316,143,2023-11-30,3,26.85,80.55000000000001
2081,290,137,2024-12-24,3,159.26,477.78
2082,162,128,2023-10-10,2,261.97,523.94
2083,161,116,2024-10-26,2,99.87,199.74
2084,142,124,2024-03-05,2,189.52,379.04
2085,450,131,2024-06-05,4,307.7,1230.8
2086,184,150,2024-06-09,3,100.58,301.74
2087,283,107,2023-07-14,2,38.46,76.92
2088,431,118,2024-10-29,2,267.13,534.26
2089,101,117,2024-09-25,1,159.08,159.08
2090,39,102,2024-10-01,1,475.85,475.85
2091,298,138,2024-11-18,4,57.86,231.44
2092,303,114,2024-08-25,1,114.05,114.05
2093,134,135,2023-10-04,4,483.16,1932.64
2094,188,126,2024-12-22,2,394.74,789.48
2095,376,119,2024-06-02,2,221.65,443.3
2096,257,133,2024-07-02,1,41.88,41.88
2097,187,133,2023-11-18,1,41.88,41.88
2098,435,140,2024-06-17,2,225.67,451.34
2099,72,129,2024-03-23,2,300.28,600.56
2100,290,137,2024-11-17,2,159.26,318.52
2101,375,131,2023-05-19,3,307.7,923.0999999999999
2102,113,149,2023-12-24,4,277.89,1111.56
2103,33,117,2023-09-16,3,159.08,477.24
2104,22,143,2024-06-09,2,26.85,53.7
2105,465,124,2024-06-19,4,189.52,758.08
2106,470,130,2023-04-27,1,32.76,32.76
2107,333,121,2024-12-23,1,309.81,309.81
2108,496,134,2024-11-30,3,474.95,1424.85
2109,135,138,2024-04-05,2,57.86,115.72
2110,335,125,2024-06-06,3,233.47,700.41
2111,335,105,2024-02-19,3,86.45,259.35
2112,499,115,2024-06-02,4,99.09,396.36
2113,419,123,2024-08-10,4,153.15,612.6
2114,455,139,2024-11-18,1,345.27,345.27
2115,452,109,2023-11-21,4,304.55,1218.2
2116,118,105,2023-10-19,3,86.45,259.35
2117,77,112,2024-08-08,2,485.26,970.52
2118,309,146,2024-11-25,1,334.64,334.64
2119,118,127,2023-07-11,3,107.84,323.52
2120,247,144,2024-08-06,4,455.57,1822.28
2121,108,138,2024-11-01,2,57.86,115.72
2122,427,127,2024-01-29,1,107.84,107.84
2123,23,109,2023-12-08,2,304.55,609.1
2124,323,133,2024-09-16,1,41.88,41.88
2125,76,104,2023-12-29,2,303.34,606.68
2126,473,112,2024-10-18,4,485.26,1941.04
2127,497,137,2024-02-03,1,159.26,159.26
2128,485,106,2024-03-31,2,86.44,172.88
2129,311,131,2024-03-13,4,307.7,1230.8
2130,113,127,2024-12-17,2,107.84,215.68
2131,421,150,2024-09-25,2,100.58,201.16
2132,136,111,2024-07-21,3,20.09,60.269999999999996
2133,306,138,2024-03-14,1,57.86,57.86
2134,194,125,2023-05-24,2,233.47,466.94
2135,9,113,2023-11-06,4,417.9,1671.6
2136,311,107,2024-08-16,2,38.46,76.92
2137,462,140,2024-12-21,1,225.67,225.67
2138,386,108,2024-05-12,1,434.43,434.43
2139,338,109,2024-12-30,1,304.55,304.55
2140,348,142,2024-10-21,4,252.64,1010.56
2141,216,124,2024-09-24,1,189.52,189.52
2142,272,128,2024-09-11,2,261.97,523.94
2143,405,150,2024-06-11,4,100.58,402.32
2144,302,148,2024-06-20,1,264.83,264.83
2145,69,117,2024-03-23,4,159.08,636.32
2146,466,106,2024-09-20,3,86.44,259.32
2147,449,135,2023-09-27,4,483.16,1932.64
2148,97,101,2024-06-05,1,193.52,193.52
2149,268,108,2024-02-24,1,434.43,434.43
2150,336,114,2024-05-23,3,114.05,342.15
2151,186,107,2024-05-21,2,38.46,76.92
2152,334,138,2023-12-12,3,57.86,173.57999999999998
2153,438,135,2024-10-04,4,483.16,1932.64
2154,188,140,2024-06-08,3,225.67,677.01
2155,387,114,2024-05-26,4,114.05,456.2
2156,402,136,2023-12-26,4,406.11,1624.44
2157,190,136,2024-04-29,4,406.11,1624.44
2158,158,137,2024-09-14,3,159.26,477.78
2159,362,126,2023-08-03,2,394.74,789.48
2160,383,115,2024-10-05,4,99.09,396.36
2161,359,111,2023-08-22,1,20.09,20.09
2162,261,126,2024-10-12,3,394.74,1184.22
2163,282,140,2024-01-06,1,225.67,225.67
2164,200,141,2023-11-02,1,69.8,69.8
2165,422,110,2024-12-22,4,356.96,1427.84
2166,308,128,2023-04-28,1,261.97,261.97
2167,135,115,2023-06-06,3,99.09,297.27
2168,312,103,2024-05-27,4,368.68,1474.72
2169,315,142,2024-09-24,3,252.64,757.92
2170,30,150,2024-08-20,2,100.58,201.16
2171,225,101,2024-11-17,2,193.52,387.04
2172,477,134,2024-02-17,3,474.95,1424.85
2173,18,139,2024-10-26,2,345.27,690.54
2174,87,144,2024-01-04,1,455.57,455.57
2175,123,142,2024-01-28,1,252.64,252.64
2176,45,118,2024-04-03,4,267.13,1068.52
2177,343,126,2024-06-22,4,394.74,1578.96
2178,103,134,2023-06-06,1,474.95,474.95
2179,471,106,2024-10-21,3,86.44,259.32
2180,425,136,2024-03-21,3,406.11,1218.33
2181,494,118,2024-11-01,2,267.13,534.26
2182,494,113,2024-04-08,4,417.9,1671.6
2183,295,101,2024-01-21,3,193.52,580.5600000000001
2184,209,133,2023-09-26,1,41.88,41.88
2185,258,119,2023-12-01,3,221.65,664.95
2186,412,133,2024-10-30,3,41.88,125.64000000000001
2187,417,137,2024-09-21,3,159.26,477.78
2188,227,125,2024-02-26,4,233.47,933.88
2189,388,122,2024-12-06,4,78.35,313.4
2190,236,138,2024-05-21,1,57.86,57.86
2191,60,117,2024-07-14,1,159.08,159.08
2192,325,115,2023-11-26,2,99.09,198.18
2193,212,123,2024-03-25,1,153.15,153.15
2194,128,119,2024-05-13,1,221.65,221.65
2195,345,148,2023-12-08,3,264.83,794.49
2196,284,112,2024-02-03,4,485.26,1941.04
2197,182,114,2023-12-25,3,114.05,342.15
2198,485,148,2024-04-26,2,264.83,529.66
2199,378,113,2024-03-31,2,417.9,835.8
2200,447,117,2024-01-04,2,159.08,318.16
2201,104,116,2024-02-21,3,99.87,299.61
2202,399,107,2024-12-14,1,38.46,38.46
2203,41,144,2024-07-29,4,455.57,1822.28
2204,4,149,2024-11-05,1,277.89,277.89
2205,247,124,2024-08-20,3,189.52,568.5600000000001
2206,460,137,2024-07-14,3,159.26,477.78
2207,94,149,2024-06-22,3,277.89,833.67
2208,114,149,2024-01-07,2,277.89,555.78
2209,270,128,2024-07-27,4,261.97,1047.88
2210,17,133,2024-06-29,3,41.88,125.64000000000001
2211,441,144,2024-05-10,2,455.57,911.14
2212,500,108,2023-12-31,4,434.43,1737.72
2213,353,101,2024-08-05,1,193.52,193.52
2214,108,125,2024-05-20,1,233.47,233.47
2215,186,140,2023-09-19,3,225.67,677.01
2216,281,117,2023-11-30,2,159.08,318.16
2217,242,140,2024-02-21,3,225.67,677.01
2218,95,132,2024-01-15,4,93.56,374.24
2219,215,145,2024-08-10,3,136.8,410.40000000000003
2220,438,126,2024-06-09,3,394.74,1184.22
2221,93,137,2024-08-27,2,159.26,318.52
2222,352,115,2024-02-05,1,99.09,99.09
2223,412,116,2024-05-23,4,99.87,399.48
2224,101,110,2024-05-18,2,356.96,713.92
2225,413,101,2024-05-07,2,193.52,387.04
2226,256,109,2024-11-23,3,304.55,913.6500000000001
2227,154,117,2024-04-19,1,159.08,159.08
2228,51,145,2023-10-24,2,136.8,273.6
2229,111,117,2023-09-27,4,159.08,636.32
2230,231,148,2023-12-17,3,264.83,794.49
2231,185,124,2024-01-29,3,189.52,568.5600000000001
2232,11,127,2024-04-18,1,107.84,107.84
2233,445,144,2024-10-16,2,455.57,911.14
2234,295,142,2024-11-26,2,252.64,505.28
2235,146,123,2024-12-15,3,153.15,459.45000000000005
2236,262,132,2023-03-31,4,93.56,374.24
2237,196,140,2024-11-13,3,225.67,677.01
2238,324,110,2024-06-03,2,356.96,713.92
2239,216,141,2024-12-10,4,69.8,279.2
2240,465,105,2024-01-13,1,86.45,86.45
2241,176,115,2024-01-23,3,99.09,297.27
2242,335,119,2024-06-15,3,221.65,664.95
2243,331,126,2024-07-06,3,394.74,1184.22
2244,400,124,2024-05-09,4,189.52,758.08
2245,86,112,2023-12-11,1,485.26,485.26
2246,373,116,2024-12-23,3,99.87,299.61
2247,384,106,2024-02-20,2,86.44,172.88
2248,204,107,2023-09-22,1,38.46,38.46
2249,480,131,2023-11-26,1,307.7,307.7
2250,395,126,2023-09-20,1,394.74,394.74
2251,135,140,2023-06-11,2,225.67,451.34
2252,336,125,2023-11-21,3,233.47,700.41
2253,127,148,2024-07-02,3,264.83,794.49
2254,321,109,2024-07-28,2,304.55,609.1
2255,430,111,2023-07-06,1,20.09,20.09
2256,340,123,2024-07-12,3,153.15,459.45000000000005
2257,240,135,2024-09-11,3,483.16,1449.48
2258,228,109,2024-10-06,2,304.55,609.1
2259,306,130,2024-08-12,4,32.76,131.04
2260,328,141,2024-02-14,3,69.8,209.39999999999998
2261,247,135,2023-07-04,2,483.16,966.32
2262,227,120,2024-08-17,3,152.7,458.09999999999997
2263,134,110,2023-05-15,3,356.96,1070.8799999999999
2264,1,134,2024-02-12,2,474.95,949.9
2265,147,131,2024-09-29,1,307.7,307.7
2266,473,132,2023-12-16,4,93.56,374.24
2267,5,150,2024-02-17,4,100.58,402.32
2268,306,115,2024-08-24,1,99.09,99.09
2269,192,113,2024-10-10,4,417.9,1671.6
2270,224,126,2023-11-28,2,394.74,789.48
2271,367,148,2024-07-15,4,264.83,1059.32
2272,113,117,2024-07-06,1,159.08,159.08
2273,321,116,2023-11-23,3,99.87,299.61
2274,333,148,2024-07-27,3,264.83,794.49
2275,97,105,2023-10-23,2,86.45,172.9
2276,149,108,2024-11-25,4,434.43,1737.72
2277,232,118,2023-12-02,4,267.13,1068.52
2278,165,102,2023-09-26,2,475.85,951.7
2279,497,135,2023-10-26,1,483.16,483.16
2280,498,107,2024-02-15,3,38.46,115.38
2281,65,146,2023-06-11,4,334.64,1338.56
2282,120,106,2023-02-08,2,86.44,172.88
2283,253,114,2024-03-23,3,114.05,342.15
2284,160,132,2024-05-10,3,93.56,280.68
2285,357,103,2023-10-04,3,368.68,1106.04
2286,432,149,2023-08-30,2,277.89,555.78
2287,137,150,2024-01-24,4,100.58,402.32
2288,279,131,2023-12-07,2,307.7,615.4
2289,459,117,2024-10-30,4,159.08,636.32
2290,7,108,2024-03-08,2,434.43,868.86
2291,395,129,2023-07-10,2,300.28,600.56
2292,102,130,2024-05-23,1,32.76,32.76
2293,341,114,2024-04-19,4,114.05,456.2
2294,349,120,2023-07-26,3,152.7,458.09999999999997
2295,323,147,2024-12-13,1,162.74,162.74
2296,480,136,2024-03-21,1,406.11,406.11
2297,247,141,2023-10-24,3,69.8,209.39999999999998
2298,185,104,2023-06-06,2,303.34,606.68
2299,121,141,2024-04-02,4,69.8,279.2
2300,8,111,2023-10-29,3,20.09,60.269999999999996
2301,203,116,2023-09-16,1,99.87,99.87
2302,298,145,2024-10-08,4,136.8,547.2
2303,306,110,2024-12-16,3,356.96,1070.8799999999999
2304,46,116,2024-10-03,2,99.87,199.74
2305,47,144,2024-10-24,3,455.57,1366.71
2306,31,104,2024-09-19,3,303.34,910.02
2307,79,145,2023-11-19,1,136.8,136.8
2308,250,115,2024-07-03,3,99.09,297.27
2309,413,129,2023-03-24,2,300.28,600.56
2310,353,125,2024-08-30,3,233.47,700.41
2311,69,117,2024-12-06,1,159.08,159.08
2312,362,129,2024-10-10,3,300.28,900.8399999999999
2313,357,132,2024-01-21,2,93.56,187.12
2314,279,123,2024-09-08,3,153.15,459.45000000000005
2315,240,118,2024-01-10,2,267.13,534.26
2316,272,110,2024-03-04,4,356.96,1427.84
2317,420,117,2024-07-16,3,159.08,477.24
2318,1,150,2023-09-02,4,100.58,402.32
2319,453,102,2024-10-04,3,475.85,1427.5500000000002
2320,318,116,2023-10-11,3,99.87,299.61
2321,338,135,2024-03-06,4,483.16,1932.64
2322,269,144,2024-12-26,4,455.57,1822.28
2323,283,110,2024-03-17,3,356.96,1070.8799999999999
2324,210,142,2023-10-28,3,252.64,757.92
2325,50,134,2023-02-14,1,474.95,474.95
2326,428,109,2023-03-25,2,304.55,609.1
2327,104,107,2024-03-11,4,38.46,153.84
2328,51,103,2024-08-25,4,368.68,1474.72
2329,251,134,2023-08-06,3,474.95,1424.85
2330,188,115,2023-05-12,1,99.09,99.09
2331,477,114,2023-10-22,4,114.05,456.2
2332,240,141,2024-06-07,1,69.8,69.8
2333,286,148,2024-05-23,4,264.83,1059.32
2334,407,146,2024-11-05,1,334.64,334.64
2335,137,134,2024-12-28,1,474.95,474.95
2336,37,120,2024-02-02,1,152.7,152.7
2337,492,134,2023-05-14,1,474.95,474.95
2338,372,115,2024-01-17,4,99.09,396.36
2339,99,134,2024-09-28,2,474.95,949.9
2340,321,112,2023-05-24,4,485.26,1941.04
2341,393,141,2024-11-30,3,69.8,209.39999999999998
2342,235,145,2024-12-26,4,136.8,547.2
2343,54,111,2024-09-16,2,20.09,40.18
2344,206,133,2024-11-23,3,41.88,125.64000000000001
2345,81,135,2024-03-25,4,483.16,1932.64
2346,463,121,2024-11-14,3,309.81,929.4300000000001
2347,191,127,2024-02-14,4,107.84,431.36
2348,312,116,2024-05-14,2,99.87,199.74
2349,393,136,2024-06-22,3,406.11,1218.33
2350,493,129,2024-05-30,4,300.28,1201.12
2351,1,147,2023-12-13,1,162.74,162.74
2352,306,102,2024-04-20,2,475.85,951.7
2353,4,120,2023-12-16,2,152.7,305.4
2354,439,121,2024-02-27,1,309.81,309.81
2355,471,136,2023-12-03,2,406.11,812.22
2356,20,130,2023-12-05,3,32.76,98.28
2357,71,117,2024-04-06,3,159.08,477.24
2358,120,117,2023-04-28,3,159.08,477.24
2359,293,126,2023-08-27,2,394.74,789.48
2360,371,121,2023-11-15,4,309.81,1239.24
2361,250,145,2024-05-16,1,136.8,136.8
2362,20,147,2023-09-17,4,162.74,650.96
2363,400,104,2024-04-06,3,303.34,910.02
2364,451,128,2023-09-26,4,261.97,1047.88
2365,446,150,2024-12-09,2,100.58,201.16
2366,335,139,2024-06-30,1,345.27,345.27
2367,399,141,2023-09-27,4,69.8,279.2
2368,157,134,2024-05-03,1,474.95,474.95
2369,277,137,2024-04-01,2,159.26,318.52
2370,258,145,2024-01-07,2,136.8,273.6
2371,26,144,2024-09-17,4,455.57,1822.28
2372,386,139,2023-12-31,1,345.27,345.27
2373,222,119,2023-10-18,4,221.65,886.6
2374,68,122,2024-08-07,1,78.35,78.35
2375,293,148,2024-12-21,1,264.83,264.83
2376,205,117,2024-05-18,1,159.08,159.08
2377,257,128,2023-10-08,2,261.97,523.94
2378,247,136,2024-08-15,2,406.11,812.22
2379,203,142,2024-04-12,2,252.64,505.28
2380,125,105,2024-09-22,3,86.45,259.35
2381,221,121,2023-08-16,1,309.81,309.81
2382,344,127,2024-02-15,4,107.84,431.36
2383,179,113,2024-05-13,3,417.9,1253.6999999999998
2384,305,142,2024-05-24,1,252.64,252.64
2385,87,123,2024-09-30,4,153.15,612.6
2386,75,129,2023-11-01,1,300.28,300.28
2387,103,144,2023-09-03,3,455.57,1366.71
2388,388,147,2023-05-04,1,162.74,162.74
2389,379,104,2024-07-21,2,303.34,606.68
2390,475,110,2023-03-16,3,356.96,1070.8799999999999
2391,176,145,2024-01-17,1,136.8,136.8
2392,231,131,2024-02-28,1,307.7,307.7
2393,108,148,2024-03-19,2,264.83,529.66
2394,280,134,2024-09-14,3,474.95,1424.85
2395,248,140,2024-12-10,2,225.67,451.34
2396,10,125,2024-01-13,1,233.47,233.47
2397,88,104,2023-12-27,3,303.34,910.02
2398,405,145,2023-08-12,3,136.8,410.40000000000003
2399,239,142,2023-11-19,1,252.64,252.64
2400,199,143,2024-07-31,3,26.85,80.55000000000001
2401,437,143,2024-12-16,3,26.85,80.55000000000001
2402,56,102,2024-08-04,3,475.85,1427.5500000000002
2403,119,125,2023-12-02,1,233.47,233.47
2404,249,139,2023-11-20,1,345.27,345.27
2405,102,133,2024-06-13,4,41.88,167.52
2406,475,146,2023-04-11,1,334.64,334.64
2407,127,134,2024-05-07,3,474.95,1424.85
2408,251,126,2023-07-05,2,394.74,789.48
2409,178,144,2024-06-30,3,455.57,1366.71
2410,321,120,2024-07-02,2,152.7,305.4
2411,142,104,2024-05-01,3,303.34,910.02
2412,456,102,2023-11-21,3,475.85,1427.5500000000002
2413,78,122,2024-11-07,4,78.35,313.4
2414,71,106,2024-03-14,4,86.44,345.76
2415,214,116,2024-09-27,2,99.87,199.74
2416,497,120,2024-07-21,3,152.7,458.09999999999997
2417,278,109,2023-07-25,2,304.55,609.1
2418,298,135,2023-12-31,2,483.16,966.32
2419,159,145,2024-06-17,2,136.8,273.6
2420,466,150,2024-10-19,2,100.58,201.16
2421,478,137,2024-04-17,2,159.26,318.52
2422,35,136,2024-02-04,1,406.11,406.11
2423,163,110,2024-09-11,1,356.96,356.96
2424,164,127,2024-01-27,4,107.84,431.36
2425,227,148,2023-11-24,3,264.83,794.49
2426,399,113,2023-11-06,1,417.9,417.9
2427,95,102,2024-02-05,3,475.85,1427.5500000000002
2428,306,115,2024-11-03,2,99.09,198.18
2429,14,123,2024-08-09,1,153.15,153.15
2430,69,133,2024-08-14,4,41.88,167.52
2431,95,125,2024-10-11,4,233.47,933.88
2432,71,111,2024-03-13,2,20.09,40.18
2433,17,127,2024-02-23,1,107.84,107.84
2434,487,127,2024-11-12,2,107.84,215.68
2435,344,113,2023-09-14,2,417.9,835.8
2436,91,129,2024-07-26,4,300.28,1201.12
2437,167,130,2024-07-23,2,32.76,65.52
2438,208,150,2024-08-28,1,100.58,100.58
2439,377,125,2024-06-10,3,233.47,700.41
2440,314,148,2024-07-09,1,264.83,264.83
2441,56,129,2023-08-18,4,300.28,1201.12
2442,450,116,2024-10-31,4,99.87,399.48
2443,21,136,2024-08-15,4,406.11,1624.44
2444,392,141,2024-02-06,1,69.8,69.8
2445,150,129,2024-11-16,4,300.28,1201.12
2446,156,150,2024-06-24,3,100.58,301.74
2447,86,128,2024-08-16,3,261.97,785.9100000000001
2448,471,104,2024-06-09,2,303.34,606.68
2449,425,142,2023-11-11,4,252.64,1010.56
2450,370,133,2024-03-27,1,41.88,41.88
2451,399,138,2024-03-19,2,57.86,115.72
2452,212,121,2023-07-25,4,309.81,1239.24
2453,92,130,2024-06-12,2,32.76,65.52
2454,47,117,2024-12-31,3,159.08,477.24
2455,333,146,2024-12-30,2,334.64,669.28
2456,376,108,2023-06-09,1,434.43,434.43
2457,362,129,2023-06-30,3,300.28,900.8399999999999
2458,269,146,2024-12-06,4,334.64,1338.56
2459,406,133,2024-07-21,2,41.88,83.76
2460,282,125,2024-11-12,1,233.47,233.47
2461,88,122,2023-11-18,2,78.35,156.7
2462,445,110,2023-04-27,2,356.96,713.92
2463,215,120,2024-11-01,3,152.7,458.09999999999997
2464,148,141,2023-09-05,2,69.8,139.6
2465,461,109,2023-02-06,2,304.55,609.1
2466,319,149,2023-12-11,3,277.89,833.67
2467,235,132,2024-07-05,4,93.56,374.24
2468,414,101,2023-12-08,4,193.52,774.08
2469,112,138,2024-05-26,4,57.86,231.44
2470,210,129,2024-07-05,1,300.28,300.28
2471,308,101,2024-09-04,2,193.52,387.04
2472,143,140,2024-01-17,2,225.67,451.34
2473,95,110,2024-06-05,1,356.96,356.96
2474,19,110,2024-03-23,1,356.96,356.96
2475,170,106,2023-09-10,1,86.44,86.44
2476,214,112,2024-05-05,2,485.26,970.52
2477,313,143,2024-06-11,2,26.85,53.7
2478,384,138,2023-12-15,3,57.86,173.57999999999998
2479,48,150,2024-06-11,3,100.58,301.74
2480,189,125,2024-09-25,1,233.47,233.47
2481,432,136,2024-04-28,1,406.11,406.11
2482,242,109,2023-11-20,1,304.55,304.55
2483,169,134,2024-08-17,4,474.95,1899.8
2484,108,145,2024-10-14,2,136.8,273.6
2485,30,107,2024-08-09,1,38.46,38.46
2486,371,145,2024-08-01,3,136.8,410.40000000000003
2487,312,121,2024-07-30,3,309.81,929.4300000000001
2488,295,140,2023-12-29,3,225.67,677.01
2489,315,137,2024-07-07,4,159.26,637.04
2490,374,141,2024-05-31,4,69.8,279.2
2491,414,112,2024-01-31,2,485.26,970.52
2492,100,101,2023-05-14,1,193.52,193.52
2493,239,141,2024-10-27,1,69.8,69.8
2494,435,114,2024-03-06,4,114.05,456.2
2495,24,122,2024-09-25,3,78.35,235.04999999999998
2496,413,141,2023-03-14,2,69.8,139.6
2497,328,113,2023-11-11,3,417.9,1253.6999999999998
2498,405,105,2024-04-21,3,86.45,259.35
2499,260,136,2023-02-17,3,406.11,1218.33
2500,59,144,2024-05-29,3,455.57,1366.71
2501,203,147,2024-01-30,1,162.74,162.74
2502,100,122,2024-08-22,3,78.35,235.04999999999998
2503,470,131,2023-08-04,1,307.7,307.7
2504,247,110,2024-10-04,4,356.96,1427.84
2505,459,122,2024-10-07,4,78.35,313.4
2506,417,127,2024-12-02,1,107.84,107.84
2507,267,120,2024-09-08,3,152.7,458.09999999999997
2508,275,102,2024-09-05,2,475.85,951.7
2509,351,122,2023-09-21,3,78.35,235.04999999999998
2510,497,110,2023-05-20,3,356.96,1070.8799999999999
2511,174,125,2024-12-07,2,233.47,466.94
2512,311,125,2024-10-16,2,233.47,466.94
2513,60,149,2024-05-06,3,277.89,833.67
2514,364,103,2024-06-15,3,368.68,1106.04
2515,45,132,2024-04-22,2,93.56,187.12
2516,232,120,2024-05-22,2,152.7,305.4
2517,155,112,2024-04-22,1,485.26,485.26
2518,402,103,2023-09-28,2,368.68,737.36
2519,228,133,2024-08-12,1,41.88,41.88
2520,464,133,2023-08-20,2,41.88,83.76
2521,175,131,2024-04-20,3,307.7,923.0999999999999
2522,74,150,2024-12-04,1,100.58,100.58
2523,481,134,2023-11-22,2,474.95,949.9
2524,371,103,2024-06-21,4,368.68,1474.72
2525,366,134,2023-05-17,1,474.95,474.95
2526,160,103,2024-03-04,1,368.68,368.68
2527,240,103,2024-08-28,1,368.68,368.68
2528,393,143,2024-01-01,3,26.85,80.55000000000001
2529,296,149,2024-10-29,3,277.89,833.67
2530,457,114,2023-08-20,3,114.05,342.15
2531,99,119,2024-09-09,3,221.65,664.95
2532,164,150,2023-07-21,4,100.58,402.32
2533,140,110,2024-05-12,2,356.96,713.92
2534,59,101,2024-03-21,1,193.52,193.52
2535,278,123,2023-12-08,3,153.15,459.45000000000005
2536,73,146,2024-02-06,3,334.64,1003.92
2537,88,105,2024-05-16,3,86.45,259.35
2538,277,129,2023-09-13,1,300.28,300.28
2539,15,131,2023-11-09,1,307.7,307.7
2540,197,104,2024-08-28,1,303.34,303.34
2541,201,112,2024-10-24,4,485.26,1941.04
2542,183,120,2024-01-01,3,152.7,458.09999999999997
2543,366,149,2024-08-31,1,277.89,277.89
2544,291,109,2024-06-21,1,304.55,304.55
2545,50,130,2024-12-01,3,32.76,98.28
2546,330,146,2024-10-28,4,334.64,1338.56
2547,119,115,2024-10-05,2,99.09,198.18
2548,133,124,2024-01-27,4,189.52,758.08
2549,359,143,2023-12-13,3,26.85,80.55000000000001
2550,233,132,2023-05-12,1,93.56,93.56
2551,244,108,2024-12-10,3,434.43,1303.29
2552,237,111,2024-07-11,3,20.09,60.269999999999996
2553,310,137,2024-11-05,2,159.26,318.52
2554,53,126,2024-06-01,1,394.74,394.74
2555,285,142,2024-05-27,1,252.64,252.64
2556,273,130,2024-12-07,4,32.76,131.04
2557,212,116,2023-12-09,2,99.87,199.74
2558,499,131,2024-01-07,4,307.7,1230.8
2559,175,114,2024-08-08,4,114.05,456.2
2560,291,122,2023-08-24,2,78.35,156.7
2561,340,143,2024-11-24,1,26.85,26.85
2562,477,146,2023-11-27,4,334.64,1338.56
2563,304,139,2024-04-14,4,345.27,1381.08
2564,285,107,2024-03-24,4,38.46,153.84
2565,158,126,2024-06-16,1,394.74,394.74
2566,56,144,2024-06-05,4,455.57,1822.28
2567,254,142,2023-09-17,1,252.64,252.64
2568,112,109,2023-07-17,1,304.55,304.55
2569,339,110,2024-11-13,4,356.96,1427.84
2570,150,125,2023-11-30,4,233.47,933.88
2571,106,144,2024-03-27,3,455.57,1366.71
2572,292,144,2024-06-12,3,455.57,1366.71
2573,368,123,2023-06-01,1,153.15,153.15
2574,314,133,2024-12-23,4,41.88,167.52
2575,66,119,2024-03-24,1,221.65,221.65
2576,462,136,2023-07-25,1,406.11,406.11
2577,361,136,2023-10-06,3,406.11,1218.33
2578,441,119,2023-09-25,1,221.65,221.65
2579,222,145,2024-04-09,4,136.8,547.2
2580,365,125,2024-07-25,4,233.47,933.88
2581,223,135,2024-07-16,2,483.16,966.32
2582,89,131,2023-12-05,2,307.7,615.4
2583,285,125,2024-07-25,3,233.47,700.41
2584,79,119,2023-11-28,2,221.65,443.3
2585,6,105,2023-09-07,1,86.45,86.45
2586,370,132,2024-03-04,4,93.56,374.24
2587,44,109,2024-06-12,4,304.55,1218.2
2588,458,145,2023-11-10,4,136.8,547.2
2589,233,133,2024-09-22,4,41.88,167.52
2590,420,129,2024-04-06,4,300.28,1201.12
2591,116,112,2023-05-03,4,485.26,1941.04
2592,296,132,2024-06-10,2,93.56,187.12
2593,138,127,2023-02-06,3,107.84,323.52
2594,20,137,2024-07-10,4,159.26,637.04
2595,58,138,2023-04-27,4,57.86,231.44
2596,73,147,2024-09-19,3,162.74,488.22
2597,265,106,2024-03-06,1,86.44,86.44
2598,242,141,2024-11-21,1,69.8,69.8
2599,277,138,2023-06-26,3,57.86,173.57999999999998
2600,463,122,2024-05-06,1,78.35,78.35
2601,233,133,2024-10-14,4,41.88,167.52
2602,376,122,2024-02-09,4,78.35,313.4
2603,492,119,2023-07-21,3,221.65,664.95
2604,19,145,2024-12-20,3,136.8,410.40000000000003
2605,134,104,2024-12-17,4,303.34,1213.36
2606,87,137,2024-11-03,1,159.26,159.26
2607,150,148,2024-01-15,1,264.83,264.83
2608,249,106,2024-10-12,2,86.44,172.88
2609,40,118,2024-01-13,3,267.13,801.39
2610,316,118,2024-03-16,3,267.13,801.39
2611,8,148,2023-12-24,1,264.83,264.83
2612,466,138,2024-10-21,2,57.86,115.72
2613,229,124,2024-04-25,2,189.52,379.04
2614,401,145,2024-06-03,2,136.8,273.6
2615,93,134,2024-04-30,1,474.95,474.95
2616,44,110,2024-12-24,2,356.96,713.92
2617,254,149,2024-07-13,4,277.89,1111.56
2618,122,143,2024-09-06,4,26.85,107.4
2619,327,111,2024-06-29,2,20.09,40.18
2620,376,123,2024-12-01,1,153.15,153.15
2621,136,149,2023-12-28,1,277.89,277.89
2622,86,130,2024-06-07,4,32.76,131.04
2623,155,131,2024-04-25,2,307.7,615.4
2624,350,146,2024-09-19,4,334.64,1338.56
2625,135,110,2023-03-29,4,356.96,1427.84
2626,148,129,2024-03-26,4,300.28,1201.12
2627,493,134,2023-12-28,1,474.95,474.95
2628,470,135,2024-06-02,3,483.16,1449.48
2629,313,142,2024-02-09,3,252.64,757.92
2630,139,118,2023-11-12,1,267.13,267.13
2631,336,138,2024-07-16,4,57.86,231.44
2632,396,144,2024-12-15,2,455.57,911.14
2633,345,138,2024-07-23,2,57.86,115.72
2634,173,144,2024-04-25,2,455.57,911.14
2635,281,101,2023-05-08,1,193.52,193.52
2636,7,127,2024-05-18,1,107.84,107.84
2637,54,144,2024-06-06,4,455.57,1822.28
2638,113,147,2024-01-13,3,162.74,488.22
2639,99,103,2024-10-24,1,368.68,368.68
2640,48,104,2024-10-30,2,303.34,606.68
2641,327,108,2023-10-22,1,434.43,434.43
2642,439,139,2024-06-08,2,345.27,690.54
2643,337,149,2024-12-26,2,277.89,555.78
2644,57,145,2023-12-16,2,136.8,273.6
2645,151,130,2024-12-23,1,32.76,32.76
2646,233,118,2024-02-01,4,267.13,1068.52
2647,132,111,2024-01-30,1,20.09,20.09
2648,398,104,2024-08-08,4,303.34,1213.36
2649,171,104,2024-11-13,3,303.34,910.02
2650,136,112,2024-01-06,4,485.26,1941.04
2651,252,113,2023-10-18,4,417.9,1671.6
2652,331,132,2024-02-03,1,93.56,93.56
2653,277,150,2023-12-12,4,100.58,402.32
2654,315,142,2024-04-18,1,252.64,252.64
2655,367,117,2023-07-29,1,159.08,159.08
2656,38,105,2024-09-08,3,86.45,259.35
2657,10,132,2023-04-27,2,93.56,187.12
2658,478,103,2024-03-22,4,368.68,1474.72
2659,78,145,2024-06-24,3,136.8,410.40000000000003
2660,295,101,2024-06-24,4,193.52,774.08
2661,224,126,2024-06-08,1,394.74,394.74
2662,116,101,2024-08-31,4,193.52,774.08
2663,63,137,2024-05-24,3,159.26,477.78
2664,350,120,2023-07-18,4,152.7,610.8
2665,324,142,2024-07-02,1,252.64,252.64
2666,274,122,2024-04-25,1,78.35,78.35
2667,390,150,2023-12-24,3,100.58,301.74
2668,91,136,2024-12-16,1,406.11,406.11
2669,197,143,2024-04-20,2,26.85,53.7
2670,357,125,2024-07-15,1,233.47,233.47
2671,250,106,2024-01-24,4,86.44,345.76
2672,72,103,2024-01-04,2,368.68,737.36
2673,369,138,2024-07-09,2,57.86,115.72
2674,200,105,2024-12-24,3,86.45,259.35
2675,274,129,2023-02-17,1,300.28,300.28
2676,174,104,2023-06-15,3,303.34,910.02
2677,208,108,2024-12-08,2,434.43,868.86
2678,335,143,2024-12-04,4,26.85,107.4
2679,348,135,2024-12-19,2,483.16,966.32
2680,120,105,2023-06-17,1,86.45,86.45
2681,251,142,2024-10-11,1,252.64,252.64
2682,465,140,2024-02-24,1,225.67,225.67
2683,360,142,2023-09-18,2,252.64,505.28
2684,89,141,2024-04-05,1,69.8,69.8
2685,421,107,2023-10-12,4,38.46,153.84
2686,428,138,2023-06-09,1,57.86,57.86
2687,59,132,2024-01-08,2,93.56,187.12
2688,412,113,2024-04-08,4,417.9,1671.6
2689,416,148,2024-01-29,4,264.83,1059.32
2690,62,144,2024-05-04,2,455.57,911.14
2691,429,114,2024-12-07,1,114.05,114.05
2692,89,122,2023-09-27,1,78.35,78.35
2693,141,110,2023-10-12,4,356.96,1427.84
2694,357,124,2024-10-05,2,189.52,379.04
2695,125,138,2023-10-29,1,57.86,57.86
2696,52,141,2024-11-04,4,69.8,279.2
2697,81,102,2023-06-21,4,475.85,1903.4
2698,4,101,2024-12-15,2,193.52,387.04
2699,46,146,2024-07-10,3,334.64,1003.92
2700,356,150,2024-11-27,4,100.58,402.32
2701,65,114,2024-03-06,2,114.05,228.1
2702,268,129,2023-10-07,4,300.28,1201.12
2703,481,112,2024-12-26,1,485.26,485.26
2704,93,146,2024-09-15,4,334.64,1338.56
2705,487,106,2024-04-24,3,86.44,259.32
2706,215,101,2024-02-15,2,193.52,387.04
2707,61,134,2024-09-27,1,474.95,474.95
2708,186,149,2024-06-29,2,277.89,555.78
2709,395,141,2024-03-15,2,69.8,139.6
2710,28,113,2023-07-31,1,417.9,417.9
2711,351,131,2023-11-17,4,307.7,1230.8
2712,82,143,2023-12-09,1,26.85,26.85
2713,331,124,2024-03-08,3,189.52,568.5600000000001
2714,223,117,2024-06-22,3,159.08,477.24
2715,413,149,2023-04-16,4,277.89,1111.56
2716,54,148,2024-09-10,1,264.83,264.83
2717,91,111,2024-04-13,1,20.09,20.09
2718,264,108,2023-09-24,1,434.43,434.43
2719,370,129,2024-07-27,3,300.28,900.8399999999999
2720,102,148,2023-12-26,3,264.83,794.49
2721,399,108,2023-12-25,3,434.43,1303.29
2722,51,116,2024-12-12,4,99.87,399.48
2723,103,125,2023-06-11,2,233.47,466.94
2724,242,138,2023-04-08,4,57.86,231.44
2725,456,128,2023-11-12,2,261.97,523.94
2726,476,140,2024-01-12,4,225.67,902.68
2727,199,124,2024-04-17,2,189.52,379.04
2728,369,113,2024-03-19,3,417.9,1253.6999999999998
2729,104,122,2023-12-20,2,78.35,156.7
2730,355,137,2024-03-31,1,159.26,159.26
2731,70,108,2024-09-28,4,434.43,1737.72
2732,215,111,2024-03-15,3,20.09,60.269999999999996
2733,454,119,2024-09-21,2,221.65,443.3
2734,407,141,2024-10-16,2,69.8,139.6
2735,497,136,2023-07-16,2,406.11,812.22
2736,211,134,2023-08-13,4,474.95,1899.8
2737,303,131,2023-11-20,4,307.7,1230.8
2738,8,147,2024-03-07,4,162.74,650.96
2739,127,121,2024-09-10,4,309.81,1239.24
2740,114,138,2024-09-29,2,57.86,115.72
2741,460,101,2023-04-14,4,193.52,774.08
2742,21,131,2024-06-29,1,307.7,307.7
2743,272,126,2023-08-15,4,394.74,1578.96
2744,232,132,2023-10-09,2,93.56,187.12
2745,286,149,2024-07-01,1,277.89,277.89
2746,487,114,2024-04-29,2,114.05,228.1
2747,152,116,2023-09-03,1,99.87,99.87
2748,246,143,2023-11-15,3,26.85,80.55000000000001
2749,361,130,2024-09-23,1,32.76,32.76
2750,238,150,2024-10-25,2,100.58,201.16
2751,208,112,2024-09-06,3,485.26,1455.78
2752,238,146,2024-09-16,1,334.64,334.64
2753,37,125,2024-12-20,3,233.47,700.41
2754,17,119,2024-02-23,4,221.65,886.6
2755,358,140,2023-09-12,2,225.67,451.34
2756,318,122,2024-08-14,1,78.35,78.35
2757,455,104,2024-07-20,1,303.34,303.34
2758,188,130,2024-05-07,1,32.76,32.76
2759,188,112,2024-11-23,1,485.26,485.26
2760,364,150,2023-09-07,2,100.58,201.16
2761,172,116,2024-08-03,1,99.87,99.87
2762,245,148,2023-10-27,2,264.83,529.66
2763,165,123,2024-05-15,3,153.15,459.45000000000005
2764,349,128,2023-04-10,3,261.97,785.9100000000001
2765,33,124,2024-04-27,3,189.52,568.5600000000001
2766,249,133,2024-09-06,1,41.88,41.88
2767,364,135,2024-07-24,3,483.16,1449.48
2768,318,124,2024-02-16,1,189.52,189.52
2769,457,130,2023-04-19,1,32.76,32.76
2770,201,112,2023-04-20,3,485.26,1455.78
2771,56,111,2023-10-28,3,20.09,60.269999999999996
2772,357,110,2023-12-15,4,356.96,1427.84
2773,448,114,2023-12-19,1,114.05,114.05
2774,214,144,2024-11-15,2,455.57,911.14
2775,178,127,2024-11-26,4,107.84,431.36
2776,11,119,2023-06-28,2,221.65,443.3
2777,12,115,2024-03-09,3,99.09,297.27
2778,297,122,2024-10-18,3,78.35,235.04999999999998
2779,304,143,2024-06-21,4,26.85,107.4
2780,156,137,2024-12-09,2,159.26,318.52
2781,157,111,2024-01-30,3,20.09,60.269999999999996
2782,248,124,2023-03-15,3,189.52,568.5600000000001
2783,76,123,2024-07-18,3,153.15,459.45000000000005
2784,490,111,2024-10-17,2,20.09,40.18
2785,275,119,2024-02-12,2,221.65,443.3
2786,430,146,2023-11-13,2,334.64,669.28
2787,122,108,2024-02-10,1,434.43,434.43
2788,295,109,2024-03-05,4,304.55,1218.2
2789,190,112,2024-10-04,2,485.26,970.52
2790,363,103,2024-03-01,3,368.68,1106.04
2791,76,124,2024-10-12,4,189.52,758.08
2792,500,111,2023-06-15,3,20.09,60.269999999999996
2793,472,102,2024-10-28,4,475.85,1903.4
2794,394,110,2024-03-27,4,356.96,1427.84
2795,80,101,2024-11-08,3,193.52,580.5600000000001
2796,362,119,2024-01-25,4,221.65,886.6
2797,497,149,2024-11-17,2,277.89,555.78
2798,374,129,2024-09-08,3,300.28,900.8399999999999
2799,58,147,2023-03-18,4,162.74,650.96
2800,72,144,2024-05-28,1,455.57,455.57
2801,13,126,2024-07-19,2,394.74,789.48
2802,183,106,2023-08-08,3,86.44,259.32
2803,312,142,2024-08-28,2,252.64,505.28
2804,270,115,2023-08-09,3,99.09,297.27
2805,12,106,2024-12-06,4,86.44,345.76
2806,344,106,2023-11-19,4,86.44,345.76
2807,252,121,2024-04-22,1,309.81,309.81
2808,204,110,2024-07-31,4,356.96,1427.84
2809,198,124,2024-02-27,1,189.52,189.52
2810,177,123,2024-05-10,3,153.15,459.45000000000005
2811,448,136,2023-09-30,1,406.11,406.11
2812,373,129,2024-04-03,4,300.28,1201.12
2813,148,111,2024-07-05,4,20.09,80.36
2814,72,138,2024-03-05,1,57.86,57.86
2815,107,120,2024-12-08,4,152.7,610.8
2816,269,122,2024-09-27,1,78.35,78.35
2817,388,125,2023-01-15,1,233.47,233.47
2818,210,141,2024-04-01,3,69.8,209.39999999999998
2819,90,136,2024-11-19,4,406.11,1624.44
2820,387,109,2023-11-21,2,304.55,609.1
2821,427,125,2024-12-12,3,233.47,700.41
2822,252,103,2024-12-08,3,368.68,1106.04
2823,156,132,2024-02-23,4,93.56,374.24
2824,14,101,2024-01-02,2,193.52,387.04
2825,154,141,2023-12-01,4,69.8,279.2
2826,335,143,2024-03-11,3,26.85,80.55000000000001
2827,92,132,2023-11-07,2,93.56,187.12
2828,62,149,2024-10-26,3,277.89,833.67
2829,497,105,2024-12-04,3,86.45,259.35
2830,247,137,2023-12-24,4,159.26,637.04
2831,322,144,2024-09-06,4,455.57,1822.28
2832,419,108,2024-09-10,3,434.43,1303.29
2833,376,137,2023-11-05,1,159.26,159.26
2834,84,138,2023-10-31,1,57.86,57.86
2835,164,130,2024-03-22,2,32.76,65.52
2836,84,104,2024-06-07,3,303.34,910.02
2837,215,141,2023-09-21,3,69.8,209.39999999999998
2838,149,119,2024-08-11,1,221.65,221.65
2839,100,150,2023-07-25,2,100.58,201.16
2840,307,149,2024-11-11,2,277.89,555.78
2841,166,121,2024-01-04,3,309.81,929.4300000000001
2842,351,145,2023-10-07,3,136.8,410.40000000000003
2843,274,138,2023-06-07,3,57.86,173.57999999999998
2844,7,109,2024-03-01,3,304.55,913.6500000000001
2845,399,132,2024-02-21,4,93.56,374.24
2846,472,111,2024-01-14,1,20.09,20.09
2847,80,133,2024-03-18,2,41.88,83.76
2848,408,136,2024-03-21,1,406.11,406.11
2849,236,105,2023-05-28,1,86.45,86.45
2850,473,102,2024-02-04,4,475.85,1903.4
2851,160,145,2023-11-26,3,136.8,410.40000000000003
2852,419,129,2023-09-28,3,300.28,900.8399999999999
2853,364,120,2023-08-18,1,152.7,152.7
2854,114,109,2024-11-27,2,304.55,609.1
2855,117,120,2023-11-12,2,152.7,305.4
2856,67,106,2023-09-30,4,86.44,345.76
2857,40,102,2024-11-28,4,475.85,1903.4
2858,221,103,2023-08-11,2,368.68,737.36
2859,17,143,2024-09-14,1,26.85,26.85
2860,61,117,2023-12-19,1,159.08,159.08
2861,155,143,2024-11-03,1,26.85,26.85
2862,50,108,2024-08-24,2,434.43,868.86
2863,462,113,2024-07-18,2,417.9,835.8
2864,15,106,2024-05-03,2,86.44,172.88
2865,486,138,2024-05-27,3,57.86,173.57999999999998
2866,83,133,2024-07-03,2,41.88,83.76
2867,292,105,2024-11-06,1,86.45,86.45
2868,391,101,2023-11-06,2,193.52,387.04
2869,494,119,2024-08-23,2,221.65,443.3
2870,3,147,2023-08-27,1,162.74,162.74
2871,472,133,2024-06-14,4,41.88,167.52
2872,358,138,2024-09-14,2,57.86,115.72
2873,345,107,2024-12-31,2,38.46,76.92
2874,182,125,2024-01-26,4,233.47,933.88
2875,264,115,2023-05-22,4,99.09,396.36
2876,390,121,2024-09-19,1,309.81,309.81
2877,57,134,2024-04-18,2,474.95,949.9
2878,391,124,2024-11-14,3,189.52,568.5600000000001
2879,370,103,2024-06-10,1,368.68,368.68
2880,253,108,2024-01-13,4,434.43,1737.72
2881,234,139,2024-10-31,3,345.27,1035.81
2882,500,129,2024-08-31,2,300.28,600.56
2883,209,119,2024-01-23,4,221.65,886.6
2884,439,105,2024-05-31,4,86.45,345.8
2885,92,101,2024-10-02,4,193.52,774.08
2886,54,126,2024-09-02,4,394.74,1578.96
2887,338,144,2024-01-30,1,455.57,455.57
2888,74,126,2024-09-30,4,394.74,1578.96
2889,303,107,2023-04-15,2,38.46,76.92
2890,187,113,2023-10-10,3,417.9,1253.6999999999998
2891,305,126,2024-04-17,1,394.74,394.74
2892,430,128,2024-03-12,4,261.97,1047.88
2893,392,146,2024-09-08,3,334.64,1003.92
2894,183,131,2024-10-21,4,307.7,1230.8
2895,262,118,2024-04-19,2,267.13,534.26
2896,56,108,2024-11-18,3,434.43,1303.29
2897,255,115,2023-07-22,2,99.09,198.18
2898,51,148,2024-11-22,1,264.83,264.83
2899,35,132,2024-02-01,1,93.56,93.56
2900,196,139,2023-12-31,3,345.27,1035.81
2901,156,140,2024-11-24,1,225.67,225.67
2902,40,143,2024-12-16,4,26.85,107.4
2903,239,113,2024-09-18,3,417.9,1253.6999999999998
2904,255,132,2024-12-28,3,93.56,280.68
2905,176,135,2024-12-13,1,483.16,483.16
2906,392,103,2023-11-25,4,368.68,1474.72
2907,197,129,2024-07-08,3,300.28,900.8399999999999
2908,227,130,2023-07-25,1,32.76,32.76
2909,91,136,2024-11-03,3,406.11,1218.33
2910,362,111,2024-06-18,4,20.09,80.36
2911,69,120,2024-12-09,4,152.7,610.8
2912,392,108,2024-11-19,4,434.43,1737.72
2913,244,136,2023-10-04,2,406.11,812.22
2914,201,117,2024-09-28,4,159.08,636.32
2915,498,125,2024-03-02,3,233.47,700.41
2916,165,104,2024-06-29,1,303.34,303.34
2917,24,109,2024-06-09,3,304.55,913.6500000000001
2918,415,148,2024-05-25,1,264.83,264.83
2919,195,107,2024-07-19,4,38.46,153.84
2920,183,127,2023-08-09,3,107.84,323.52
2921,339,116,2024-01-14,2,99.87,199.74
2922,332,120,2024-12-02,1,152.7,152.7
2923,353,105,2023-10-23,3,86.45,259.35
2924,173,111,2024-08-18,1,20.09,20.09
2925,167,103,2024-07-18,4,368.68,1474.72
2926,291,133,2023-11-28,4,41.88,167.52
2927,11,145,2024-12-17,4,136.8,547.2
2928,12,121,2024-08-19,4,309.81,1239.24
2929,200,121,2024-12-13,1,309.81,309.81
2930,52,145,2024-03-23,2,136.8,273.6
2931,255,133,2023-12-09,3,41.88,125.64000000000001
2932,315,120,2024-04-12,3,152.7,458.09999999999997
2933,104,132,2024-09-03,1,93.56,93.56
2934,110,119,2023-12-08,3,221.65,664.95
2935,153,137,2024-04-01,4,159.26,637.04
2936,320,148,2023-10-14,1,264.83,264.83
2937,304,122,2023-12-04,3,78.35,235.04999999999998
2938,291,134,2024-05-10,4,474.95,1899.8
2939,108,123,2024-11-03,1,153.15,153.15
2940,422,120,2024-04-13,3,152.7,458.09999999999997
2941,340,135,2024-02-22,3,483.16,1449.48
2942,213,126,2024-11-10,3,394.74,1184.22
2943,233,143,2023-03-26,2,26.85,53.7
2944,322,146,2024-07-08,2,334.64,669.28
2945,256,114,2024-04-13,4,114.05,456.2
2946,480,141,2024-08-28,4,69.8,279.2
2947,373,141,2024-06-23,1,69.8,69.8
2948,103,124,2023-08-26,4,189.52,758.08
2949,124,110,2024-04-27,3,356.96,1070.8799999999999
2950,211,121,2024-10-14,1,309.81,309.81
2951,105,127,2023-12-03,3,107.84,323.52
2952,331,111,2024-11-07,3,20.09,60.269999999999996
2953,308,116,2023-10-24,4,99.87,399.48
2954,59,110,2023-12-21,2,356.96,713.92
2955,126,120,2024-12-10,4,152.7,610.8
2956,287,128,2023-08-14,4,261.97,1047.88
2957,104,111,2024-02-11,3,20.09,60.269999999999996
2958,15,117,2024-01-20,3,159.08,477.24
2959,330,103,2023-07-25,4,368.68,1474.72
2960,29,106,2024-03-14,3,86.44,259.32
2961,444,105,2024-06-27,4,86.45,345.8
2962,344,143,2024-03-02,1,26.85,26.85
2963,483,147,2024-03-11,2,162.74,325.48
2964,58,137,2024-07-23,1,159.26,159.26
2965,341,138,2024-06-13,3,57.86,173.57999999999998
2966,453,106,2024-07-06,2,86.44,172.88
2967,63,150,2024-05-22,3,100.58,301.74
2968,427,138,2024-01-21,4,57.86,231.44
2969,479,128,2024-01-14,2,261.97,523.94
2970,55,112,2024-01-17,2,485.26,970.52
2971,226,127,2023-09-14,3,107.84,323.52
2972,252,135,2023-08-12,3,483.16,1449.48
2973,163,135,2024-04-16,4,483.16,1932.64
2974,350,116,2023-10-18,3,99.87,299.61
2975,186,131,2024-01-21,3,307.7,923.0999999999999
2976,11,142,2023-06-19,1,252.64,252.64
2977,354,143,2024-02-25,2,26.85,53.7
2978,283,125,2024-04-27,3,233.47,700.41
2979,463,144,2024-06-08,1,455.57,455.57
2980,444,116,2024-07-09,4,99.87,399.48
2981,5,126,2024-02-26,3,394.74,1184.22
2982,47,149,2023-11-23,2,277.89,555.78
2983,108,111,2024-10-24,4,20.09,80.36
2984,163,150,2024-09-24,4,100.58,402.32
2985,18,118,2024-06-22,1,267.13,267.13
2986,242,148,2024-01-18,4,264.83,1059.32
2987,368,128,2023-11-04,1,261.97,261.97
2988,358,117,2024-06-16,1,159.08,159.08
2989,216,139,2024-05-22,3,345.27,1035.81
2990,356,102,2024-11-01,1,475.85,475.85
2991,329,112,2024-09-18,4,485.26,1941.04
2992,329,109,2024-03-02,1,304.55,304.55
2993,103,141,2024-02-12,3,69.8,209.39999999999998
2994,295,106,2024-01-12,1,86.44,86.44
2995,128,134,2024-12-28,2,474.95,949.9
2996,305,144,2024-05-31,4,455.57,1822.28
2997,232,131,2024-01-08,2,307.7,615.4
2998,89,144,2024-03-10,3,455.57,1366.71
2999,102,106,2024-03-06,4,86.44,345.76
3000,94,126,2024-09-19,4,394.74,1578.96
